-- Supabase/PostgreSQL migration for klinik_reservasi
-- Run this file in Supabase SQL Editor.

DROP TABLE IF EXISTS pembayaran CASCADE;
DROP TABLE IF EXISTS hasil_pemeriksaan CASCADE;
DROP TABLE IF EXISTS reservasi CASCADE;
DROP TABLE IF EXISTS jadwal_dokter CASCADE;
DROP TABLE IF EXISTS pasien CASCADE;
DROP TABLE IF EXISTS dokter CASCADE;
DROP TABLE IF EXISTS users CASCADE;

CREATE TABLE users (
  id_user integer GENERATED BY DEFAULT AS IDENTITY PRIMARY KEY,
  username varchar(50) NOT NULL UNIQUE,
  email varchar(100),
  password varchar(255) NOT NULL,
  role varchar(20) NOT NULL CHECK (role IN ('admin','dokter','pasien','staf'))
);

CREATE TABLE dokter (
  id_dokter integer GENERATED BY DEFAULT AS IDENTITY PRIMARY KEY,
  id_user integer NOT NULL REFERENCES users(id_user) ON DELETE CASCADE,
  nama_dokter varchar(100) NOT NULL,
  spesialisasi varchar(50)
);
CREATE INDEX dokter_id_user_idx ON dokter(id_user);

CREATE TABLE pasien (
  id_user integer NOT NULL REFERENCES users(id_user) ON DELETE CASCADE,
  nik varchar(20) PRIMARY KEY,
  nama_lengkap varchar(100) NOT NULL,
  jenis_kelamin varchar(20),
  tanggal_lahir date,
  alamat text,
  no_hp varchar(20),
  email varchar(100)
);
CREATE INDEX pasien_id_user_idx ON pasien(id_user);

CREATE TABLE jadwal_dokter (
  id_jadwal integer GENERATED BY DEFAULT AS IDENTITY PRIMARY KEY,
  id_dokter integer NOT NULL REFERENCES dokter(id_dokter) ON DELETE CASCADE,
  hari varchar(20) NOT NULL,
  jam_mulai time NOT NULL,
  jam_selesai time NOT NULL,
  kuota integer DEFAULT 10,
  status varchar(20) DEFAULT 'Aktif'
);
CREATE INDEX jadwal_dokter_id_dokter_idx ON jadwal_dokter(id_dokter);

CREATE TABLE reservasi (
  id_reservasi integer GENERATED BY DEFAULT AS IDENTITY PRIMARY KEY,
  nik varchar(20) NOT NULL REFERENCES pasien(nik) ON DELETE CASCADE ON UPDATE CASCADE,
  id_jadwal integer NOT NULL REFERENCES jadwal_dokter(id_jadwal),
  tanggal_kunjungan date NOT NULL,
  keluhan text,
  no_antrian integer,
  status varchar(50) DEFAULT 'Menunggu',
  created_at timestamp DEFAULT CURRENT_TIMESTAMP
);
CREATE INDEX reservasi_id_jadwal_idx ON reservasi(id_jadwal);
CREATE INDEX reservasi_nik_idx ON reservasi(nik);

CREATE TABLE hasil_pemeriksaan (
  id_hasil integer GENERATED BY DEFAULT AS IDENTITY PRIMARY KEY,
  id_reservasi integer NOT NULL REFERENCES reservasi(id_reservasi) ON DELETE CASCADE,
  tekanan_darah varchar(20),
  suhu_badan varchar(10),
  berat_badan varchar(20),
  diagnosa text NOT NULL,
  alergi_obat varchar(100),
  resep_obat text,
  tindakan text,
  catatan_dokter text
);
CREATE INDEX hasil_pemeriksaan_id_reservasi_idx ON hasil_pemeriksaan(id_reservasi);

CREATE TABLE pembayaran (
  id_pembayaran integer GENERATED BY DEFAULT AS IDENTITY PRIMARY KEY,
  id_reservasi integer NOT NULL REFERENCES reservasi(id_reservasi) ON DELETE CASCADE,
  snap_token varchar(255),
  metode_pembayaran varchar(50),
  bukti_pembayaran varchar(255),
  jumlah_bayar numeric(10,2),
  status_pembayaran varchar(20) DEFAULT 'Pending' CHECK (status_pembayaran IN ('Pending','Lunas','Gagal'))
);
CREATE INDEX pembayaran_id_reservasi_idx ON pembayaran(id_reservasi);
INSERT INTO users(id_user,username,email,password,role) values 
(1,'admin_utama','admin@cliniq.com','$2y$10$Ix61sKPGxAOHPWk0yI3DBO3/VFG0g7Llt6iFKc8TeEWa8P1/kFeim','admin'),
(2,'patient_044_e2a6','patient44_e2a6@gmail.com','$2y$10$wBJwAJ/ZJln0ElMxHkPqxOmsCb2kmqP/MYLAVaWtMrjqnoOd/uKv2','pasien'),
(3,'doctor_001_81f6','doctor1_81f6@cliniq.test','$2y$10$JQUs4XC8fYzqyxgtysPfdOIMQaIyfPmJNenunEa0c26SFfBRzYqsm','dokter'),
(4,'patient_045_daf7','patient45_daf7@gmail.com','$2y$10$PizGK.Wtpc90vx6L5GS8u.g70jeL.nOvzoUODaNEB4Nc3O.PkExoW','pasien'),
(5,'doctor_002_76fb','doctor2_76fb@cliniq.test','$2y$10$WVkaK7f9mToHsIWxj2MC3ugwyObGylDH80OSnx6c19X.FThN71SOa','dokter'),
(6,'patient_046_c12f','patient46_c12f@gmail.com','$2y$10$Lt5wC8tmG9XxZWJ.rOk82eb0iy7/MnbjDjAmSNn2cjXTDkMVcYbea','pasien'),
(7,'doctor_003_6635','doctor3_6635@cliniq.test','$2y$10$IeZJ7qAeEnAUyBxotkepOu9gQJF1i2RQzktAb/Vjqxej4aZ8CA346','dokter'),
(8,'patient_047_aed9','patient47_aed9@gmail.com','$2y$10$8Mz62kelvxui9/CJeO.H..5Y0bhz.swyTyAI.DlRzmM3z7S6jh1a2','pasien'),
(9,'doctor_004_594c','doctor4_594c@cliniq.test','$2y$10$KSQYADfCqlpEPl2MnFLCnuCMXkHGENOeKl1o0g4N2M.Q8XeUm4nmO','dokter'),
(10,'patient_048_977a','patient48_977a@gmail.com','$2y$10$ecqqpGopKuMXgvDRmMwULugI1mDxs/g4V7yJ/B.vbRkSSDw4VXd.6','pasien'),
(11,'doctor_005_3fb1','doctor5_3fb1@cliniq.test','$2y$10$OSHYWVQbG9Tiv7gLT3Vu4u2BUw4iAzwoL8g6ZLBfUgyaVlqERKHbG','dokter'),
(12,'patient_049_84a6','patient49_84a6@gmail.com','$2y$10$TeYgabWQFN29HDujTI4SM.MV0VEPX6GBqNN8RyPR0.Aj/hIWV4uyu','pasien'),
(13,'doctor_006_4588','doctor6_4588@cliniq.test','$2y$10$hZLyxh5Ck6Xx49BWJJd.6OnJDTNtLaxee6yy0QS5GDGnHePCx528W','dokter'),
(14,'patient_050_6fd3','patient50_6fd3@gmail.com','$2y$10$8uL2OH5GOTm3LlnLKGS2aukY4/9cuDj8G1becOaC7l6XKYkayNmQC','pasien'),
(15,'doctor_007_2f34','doctor7_2f34@cliniq.test','$2y$10$xBBXhj2Y123RQ7AiouNV0eIjIODfL7cuPJ7TI6Wtz/CGxA60kHa7u','dokter'),
(16,'patient_051_4d1b','patient51_4d1b@gmail.com','$2y$10$r0tNBmLjFs6HO7ty4I1jrueKBpOwJcZTrZvzzTSWVVQWqtcVfy9ve','pasien'),
(17,'patient_052_4d63','patient52_4d63@gmail.com','$2y$10$etXUsQTGUQL7hjl6HLT56eXb.rpByi3/p9VzZcTmJnWXxyP3KdGz.','pasien'),
(18,'doctor_008_52be','doctor8_52be@cliniq.test','$2y$10$0BhrtZrqB2M4gszV5R2zrOI64VPZTEmhk3yFCtICw/wE9AUBnoWAm','dokter'),
(19,'doctor_009_5541','doctor9_5541@cliniq.test','$2y$10$F//n6hhdHfkbl4A9MrEXvuflQ9rEtdtWxZHysn4jXHPH4Chpvz6oq','dokter'),
(20,'patient_053_48b9','patient53_48b9@gmail.com','$2y$10$lGbHQFf8ShjPJdhl2FD1j.sjAAwcpHrlgr9miI6iHl5xUND2Hjmja','pasien'),
(21,'patient_054_5eab','patient54_5eab@gmail.com','$2y$10$e7skfgc1BN6kUDa8EIBBUOB1hVPO8VUdBD6PD50kFKZ11L9mrzle6','pasien'),
(22,'doctor_010_63be','doctor10_63be@cliniq.test','$2y$10$XBWi9FLNjvRpeGhRZfldU.BI0tQ60lRDURaRk81ZLAPqo1i8aeDFC','dokter'),
(23,'patient_055_532f','patient55_532f@gmail.com','$2y$10$ut5/ajSewmzCKNkgzP2spObQegstCtjDxgFv6qvIN1w2FCx0P9V42','pasien'),
(24,'doctor_011_603d','doctor11_603d@cliniq.test','$2y$10$aptcOYo5TmDU6TN5nMWC2.13XKen6e/jYVwJayGBqWsJvu8/JUZGq','dokter'),
(25,'patient_056_4725','patient56_4725@gmail.com','$2y$10$/AYtZHVmBZnyL8gdwCB5Xe7FrbHjfXqAf9GGOlW/JuhrEVq.Co4gi','pasien'),
(26,'doctor_012_5990','doctor12_5990@cliniq.test','$2y$10$9iHwM3ApSMXrDEw.fscajux/0.jZBa4rd.i6DwGapITBrqjcioMCG','dokter'),
(27,'patient_057_49b3','patient57_49b3@gmail.com','$2y$10$vEHY0UfACXtQsr..TEGog.QEgpahgB7PBGndL9Ja.3YXmyQivXDFq','pasien'),
(28,'doctor_013_53b2','doctor13_53b2@cliniq.test','$2y$10$g1EmCwupUiLNj.L4zQzGT.DpUTSSzEhmXeNRL/8JvnmQrHm2q.d0y','dokter'),
(29,'patient_058_41dd','patient58_41dd@gmail.com','$2y$10$KfL1pvzCon/vuV8ixNnKruIcKdYeNPGzy1S.e9fS3rPejar6LYk16','pasien'),
(30,'doctor_014_191e','doctor14_191e@cliniq.test','$2y$10$GfZ9Jk.owckFA0SwYf/eTu6wjZrPAjVp/ZT/D1zzL25m/gNzjgesO','dokter'),
(31,'patient_059_f1c4','patient59_f1c4@gmail.com','$2y$10$6f2pp/DjFKIfUOJsaaAr4eRiUj86jattjLjDUCrz7vGXpaGcHhXAa','pasien'),
(32,'doctor_015_0485','doctor15_0485@cliniq.test','$2y$10$1lUzbcF8Y41p3zXo1ON5iOTM3VX5PHEqfLz/INVxT1WsR8yFUj4WK','dokter'),
(33,'doctor_016_f43f','doctor16_f43f@cliniq.test','$2y$10$e6RaTL9mcJKQGtLzu9n7hu.obYzUT8DXGptvuQ87U74qhKcGWLHfW','dokter'),
(34,'patient_060_e31a','patient60_e31a@gmail.com','$2y$10$jYMDXrwo0sRjmATH6ZHbFeVufcR9YddGmTJ2ThBZZRA0ozeuecKDa','pasien'),
(35,'patient_061_e3b9','patient61_e3b9@gmail.com','$2y$10$1JAPgraISXYwYe3s1QoGbO2JpGCMRep7KGLlue5syU79s7dNBDuXa','pasien'),
(36,'doctor_017_e92d','doctor17_e92d@cliniq.test','$2y$10$RbKO1O902e0wBsN7D5BwG.kMoZvDB58/E.UOLTprHAXGRQKwnrEVe','dokter'),
(37,'patient_062_dfbe','patient62_dfbe@gmail.com','$2y$10$bGKwACvNp5iYlwSbc3Y1UeRWTuvLleSHtGClEV3gHZWlZQh9KtBom','pasien'),
(38,'doctor_018_e920','doctor18_e920@cliniq.test','$2y$10$SuK7wtw35xlUXPPuAcsgxuJ0oFbwKo9LKGgDHuwDA0h6E74v2s83S','dokter'),
(39,'patient_063_d210','patient63_d210@gmail.com','$2y$10$1vAbMnNJrd6Ls5ONmNjaze42oqFRcNw1MqGMsTbDPCaswKdQmVHKe','pasien'),
(40,'doctor_019_dc60','doctor19_dc60@cliniq.test','$2y$10$R72gUoM6RWvMpvYvX1y/Gu556EU7pA4g7haes39odxv5kHDV68N7K','dokter'),
(41,'doctor_020_d66a','doctor20_d66a@cliniq.test','$2y$10$9tBjia9GfLnyks9S41gbU.zgMoE13jIoydBgn3JiIgjrk38iFJJzu','dokter'),
(42,'patient_064_cc3d','patient64_cc3d@gmail.com','$2y$10$LWIFbl.y4wEc/01toyCsrug9yDSkRGCzLk2XLclySmlKuDulXdKiq','pasien'),
(43,'doctor_021_d864','doctor21_d864@cliniq.test','$2y$10$QxL1gt3Mjd/jkIxloB7blue6rVkJU1wlNZ4udEu6T10.jwxaJLAwG','dokter'),
(44,'patient_065_d318','patient65_d318@gmail.com','$2y$10$9cCtmxy1mDTME.7ZyPVCnu0gOC2CsXqR4uK3bFilOopGal55x2p8i','pasien'),
(45,'patient_066_d1eb','patient66_d1eb@gmail.com','$2y$10$RKJsfxnqrMRFUd7jeTY1yOS2IUHotPamrVB6Vf4zDvvSqQw5TPVpa','pasien'),
(46,'doctor_022_d747','doctor22_d747@cliniq.test','$2y$10$maajXZa2bWob2S9mcyIq1euwQY2M71n8x4rYeg1t0MU.KGVDkph8K','dokter'),
(47,'patient_067_bd58','patient67_bd58@gmail.com','$2y$10$hDbNL05c3/H5QNIiHSW7u.N5.R9T0vCVEUmyPLftmu0DezjEVPW3y','pasien'),
(48,'doctor_023_cdd8','doctor23_cdd8@cliniq.test','$2y$10$GzKsgG2LXHkLwAjzDOeKpu6HMNWSRpYA3MvmY4HQS4DroUIYj3vVC','dokter'),
(49,'patient_068_c81c','patient68_c81c@gmail.com','$2y$10$o01qqGTzvN4i2ugNHsyQ/uNqf9DstYAdtW6pBt.fpIInNAlpMo7qO','pasien'),
(50,'doctor_024_dde6','doctor24_dde6@cliniq.test','$2y$10$sTyW7lcLczgeSxS3TaTT5eU6xenNtNV2zjvDNmRBggc4gy3uschEG','dokter'),
(51,'patient_069_bae9','patient69_bae9@gmail.com','$2y$10$aRcOsYE6ciQ0cIKQQYsWFuo3TA/3UkF3Q5Zr/.CXKKphwUTV0pCoa','pasien'),
(52,'doctor_025_d61b','doctor25_d61b@cliniq.test','$2y$10$45KDzGU540RbeNRBBKyjaOnGoQoWLql.eckDEXfTIB5t9la8Q9TN6','dokter'),
(53,'patient_070_a841','patient70_a841@gmail.com','$2y$10$ul.ieJ9YK8lUAvP86bwpA.NebXA5Xh7Qi9lfe2zgg1.pK12wYs5US','pasien'),
(54,'doctor_026_cae6','doctor26_cae6@cliniq.test','$2y$10$g6jADLN9gtfSzjrJ6TrKK.cUFEY/ghRK4dbvl7GU/OIhsHVWFvfCe','dokter'),
(55,'patient_071_9aa2','patient71_9aa2@gmail.com','$2y$10$sRFWcmhdAJ2F.dNEsBdnAOwezPmYFMGLpSBS/SkJ4p0q066SYF5a2','pasien'),
(56,'doctor_027_b658','doctor27_b658@cliniq.test','$2y$10$CRUwfzUsTXykzb9yzMh1XOMQreH2jiTBf8mwIGWE/n0q9cNSiwbm6','dokter'),
(57,'patient_072_9f45','patient72_9f45@gmail.com','$2y$10$Rt9p.jMJIu75cICqBfV6ZORdH/NckDZ2SgkjhxncUsLVi9Vh8QKYy','pasien'),
(58,'doctor_028_c033','doctor28_c033@cliniq.test','$2y$10$h7I7w4Cnb4J5DjL7VAZhquXxnCtxBMhgiT8jya2B/qAEte7yc.Rxq','dokter'),
(59,'patient_073_966b','patient73_966b@gmail.com','$2y$10$m1ENSUG4kl0muu/JffOz/ut9DbECeIbDn1S7HDKibtInCT1cAsj9G','pasien'),
(60,'doctor_029_b583','doctor29_b583@cliniq.test','$2y$10$cVZmEDJWGYV7eorFXeE9meGVQ42ZVjIZ3KQQcgd9BeUcU.67K1h1K','dokter'),
(61,'patient_074_3754','patient74_3754@gmail.com','$2y$10$LPXIo0PXSueRLscu5vZQU.EbT14OY7gwOye932LdTNI3CwiA40I2W','pasien'),
(62,'doctor_030_5724','doctor30_5724@cliniq.test','$2y$10$x1Qtu2fvl3Y38VvW5ocjm.uPQtEnhZ3rN59fkozmJGpuXtuxHfcxK','dokter'),
(63,'patient_075_16ad','patient75_16ad@gmail.com','$2y$10$1YrgA.kWOYDiHp7n0UoaIumtN1XEQIJcopGx8YJlvBRLthBQswHl.','pasien'),
(64,'doctor_031_3874','doctor31_3874@cliniq.test','$2y$10$JYFNJR8Oaf7fskrz9kTypuAlIgXD.TB0YAQlyQYhdNpSBnV07euky','dokter'),
(65,'patient_076_10de','patient76_10de@gmail.com','$2y$10$7jVN3AKGzjEwuwYCPiaihuALy.AcYtr8c5WwHwjAPn1mno23zK8C.','pasien'),
(66,'doctor_032_22cc','doctor32_22cc@cliniq.test','$2y$10$TnNOUNqTvT2jMf1sdiZz3Ojs8ekh2FdCc2AQuiyJs4.xvU5nWQA5y','dokter'),
(67,'patient_077_0a0e','patient77_0a0e@gmail.com','$2y$10$B9nWEHYLC1WodRLmwLjkQe.m8LcnDZ4kmdsyKz38T0xY.wyH3hkQ.','pasien'),
(68,'doctor_033_134b','doctor33_134b@cliniq.test','$2y$10$dq/06xM7uIm0RgZuo1ds8OCmwkv1rrNYSEgZtzBbEbOnRVyyIHK6m','dokter'),
(69,'patient_078_f290','patient78_f290@gmail.com','$2y$10$Uw05p6Hx4B2ldOd2Kq5rtubofLexWaHIGyUFDhMYBlrL3/SjagP1e','pasien'),
(70,'doctor_034_0513','doctor34_0513@cliniq.test','$2y$10$0iqwO1/StozNLVQjhq84UuO/CkpZca5gbg7H6fjamITeB80AEcoOa','dokter'),
(71,'patient_079_d13a','patient79_d13a@gmail.com','$2y$10$yoPYM1cvNTB/11e2LuVBPe8CBqmm3Jy6x9d6lY2Pr0I4Bw9LOA5Ry','pasien'),
(72,'doctor_035_e4d8','doctor35_e4d8@cliniq.test','$2y$10$iVTTSZUN0wYiKusVosAbC.tUIBfwlAovx/a96S0PT4NgpYU3h27tK','dokter'),
(73,'patient_080_bd5a','patient80_bd5a@gmail.com','$2y$10$58amx9Uv6So8WDXkEr3mPuSBqeiGW2XREknj47Jg3RNggIJzUIa9u','pasien'),
(74,'doctor_036_d3b2','doctor36_d3b2@cliniq.test','$2y$10$T/yRxm5EQ8uJD8/OCihEzeCfUVli5zotx7e/Qz7q2TcxjjnkKeGnK','dokter'),
(75,'patient_081_a1ad','patient81_a1ad@gmail.com','$2y$10$v2SUFgtmlW1nCkPqKlYVY.WT.3AZrmJ23oAKhRSy8vo2fIQ5IOFb6','pasien'),
(76,'doctor_037_b704','doctor37_b704@cliniq.test','$2y$10$zw/d1CIwTG4z8DQkhrgNJuDblcaZ.mhl/mmjVoLYEqTWXniHKKRlW','dokter'),
(77,'doctor_038_a0d2','doctor38_a0d2@cliniq.test','$2y$10$nHxqDuHLwGL60qqBeAExeOJsiTMWFO0PJ6Xwub/SwGKG5I/kDtDJS','dokter'),
(78,'patient_082_90c0','patient82_90c0@gmail.com','$2y$10$0mT9fJkCtwp00nCrbGuejOu/6/OCJZL.tsbsWNm2G1uVqjpNzbXeK','pasien'),
(79,'patient_083_9109','patient83_9109@gmail.com','$2y$10$wfalKHMN5tsKEbSQf0JACOGhISjOrwF1V.XWDPcnSA9ZelRRxgr.m','pasien'),
(80,'doctor_039_9642','doctor39_9642@cliniq.test','$2y$10$7rGTvYwZ9Ck8ZGorcGZq6uXx.Xdgguiluj4WvsLYc.DL7LomlS9u2','dokter'),
(81,'patient_084_7d41','patient84_7d41@gmail.com','$2y$10$Ze3US.BG4FpAPF5pb8TbMePAMQX6YPPsRkefYAbTitJyq9F3fvQcm','pasien'),
(82,'doctor_040_886a','doctor40_886a@cliniq.test','$2y$10$7PPP.GnxaVyxhE8c8JC8EONRMnENv6MoqCzV7p1H2EL3q0fcW7O56','dokter'),
(83,'patient_085_695d','patient85_695d@gmail.com','$2y$10$FULbUvgpOY8eWz6C75tLVewBO7lKbFd0B1DycUFNu2p0f.WcIP/C.','pasien'),
(84,'doctor_041_79df','doctor41_79df@cliniq.test','$2y$10$g3CvTJY1xjpT8dXZ6AfxLO5Wh/mkObE2sURTozoxiWwp.10us47ry','dokter'),
(85,'patient_086_70e6','patient86_70e6@gmail.com','$2y$10$YIUKlYBrE89.VTP4NS92ieEYxoqKc6IB6vQ/p51UKY4hRzd29RvJG','pasien'),
(86,'doctor_042_7aac','doctor42_7aac@cliniq.test','$2y$10$G0JGqMmD3XGQCAaXby59KOu1r3tvjm4qib.xGVW0yfOD.qAXPGdOO','dokter'),
(87,'patient_087_7a20','patient87_7a20@gmail.com','$2y$10$oMSTe2DNzuH2qwzozPWgM.32GRw09NiuH3ZdAYh/YXCC8/gEA5Qei','pasien'),
(88,'doctor_043_8a05','doctor43_8a05@cliniq.test','$2y$10$8yN/NkU/IzUvGcojT4SFi.8hbbUeUeBSdCOjRKd1fVonuYtpvUJwu','dokter'),
(89,'patient_088_7e39','patient88_7e39@gmail.com','$2y$10$TS.78x7VK.x.oQT2Khzq6OyCb6Dmhi5sLDCMDgyrGNkO4y8Z6jWNW','pasien'),
(90,'doctor_044_9ea9','doctor44_9ea9@cliniq.test','$2y$10$f5lAwVsC/d2oQaq4GkxpZe8nAmdOy7pigchaQ6M3UfSMXYOZ70vqe','dokter'),
(91,'patient_089_7996','patient89_7996@gmail.com','$2y$10$SDV20R0Na/Z3TFtgC5.87urFIe0lfxjP1TEoMqj2hs41HLvdOG1O.','pasien'),
(92,'doctor_045_90f7','doctor45_90f7@cliniq.test','$2y$10$lKO/QH8NcuSF5TR7amK3GO//HDL8Fh4Lv4yu.kQDBWhL1IX/4V0Sa','dokter'),
(93,'patient_090_38fe','patient90_38fe@gmail.com','$2y$10$CELw41IdR86LXk/EMKeJm.EArxW8/y23qCYxVG7OT.7jTpIuov.Em','pasien'),
(94,'doctor_046_438f','doctor46_438f@cliniq.test','$2y$10$D8/4dcWAxVyXihCqUJS9tOo0Z6zqWGUPZKSlfGFMbiEKvlJTMMI.u','dokter'),
(95,'patient_091_2800','patient91_2800@gmail.com','$2y$10$DauSn31dvV9cBEYjxz6Yy.wSI861YUWj8XvQmUNkJaqIQhnDeXPDW','pasien'),
(96,'doctor_047_4465','doctor47_4465@cliniq.test','$2y$10$Wo1mNp3vfpZyQd5.aC25j.rvQpzAEixI54y7LzoYLuIXQvhGlHpGS','dokter'),
(97,'patient_092_0e24','patient92_0e24@gmail.com','$2y$10$v2iMHkUuamCNKy7wYBt5Y.ARIOEP0U/BYrBVPY34ZtUjjxi5WoODC','pasien'),
(98,'doctor_048_33ca','doctor48_33ca@cliniq.test','$2y$10$vEc.CVLDQcrlYIesHvO.sOSo42C7ilz.HdqCq8ZLFlKB9Y23VBCSi','dokter'),
(99,'patient_093_0f96','patient93_0f96@gmail.com','$2y$10$x3Sdx1merscRgyagG4lMVe8KALIgo6yPYvHWCuvwTJfIJsQvGS53i','pasien'),
(100,'doctor_049_3e2d','doctor49_3e2d@cliniq.test','$2y$10$FZuwKR1qK3XGsunazkjkeeFD3/8dmlaYjLD5ZhxjBYukk2Mx.c9De','dokter'),
(101,'patient_094_02c0','patient94_02c0@gmail.com','$2y$10$2CnHpklaADOC2TwwCbkXfucFQ8W.Q6nYnbhYeBdE7Z1j6L2JJea8S','pasien'),
(102,'doctor_050_2ace','doctor50_2ace@cliniq.test','$2y$10$qk4M4DeN2Q.uAyxPFy1G9.H/ZSCIGtAFrPFFxZDhgfXPxVc8076BS','dokter'),
(103,'patient_095_e58d','patient95_e58d@gmail.com','$2y$10$eui4H7axW.Va3/Ct9/Y/0OpUPXMO7IbQZEh6dNN3FNc3M4NtpwJ1a','pasien'),
(104,'doctor_051_0e81','doctor51_0e81@cliniq.test','$2y$10$vS72A2ui517Xuk6hORN/qe94FYmhG/v4MjMNdKFs7y7GoLlKnG1uq','dokter'),
(105,'patient_096_c94e','patient96_c94e@gmail.com','$2y$10$htzrsmVXwAlJhyo3AZLeNubIAQv7Ze7zHXkLh6CGXf1Rd.ZXHzOVC','pasien'),
(106,'doctor_052_eeb9','doctor52_eeb9@cliniq.test','$2y$10$.RtaFSiQT3iIkWd.jL0FN.ZP9R4MNWAtbZIHgILhrHvTkbqkzqCai','dokter'),
(107,'patient_097_a98c','patient97_a98c@gmail.com','$2y$10$7rfW/aXxTqur62uquvCmFutrbGbR/HGgWfcWQoU1k/xVuum6Xj.4.','pasien'),
(108,'doctor_053_c827','doctor53_c827@cliniq.test','$2y$10$Ln/wKuuvh0DAkXl7SWdIkuR2kN90/agaolcZ.NAqJaSO/MGT8FxDa','dokter'),
(109,'patient_098_8bd2','patient98_8bd2@gmail.com','$2y$10$0cV5tQXyb/eISkNMn7WIHOtK24M9vk087RGpgg6AOuMSiUwIIqNsW','pasien'),
(110,'doctor_054_a5a7','doctor54_a5a7@cliniq.test','$2y$10$ZyGoBY6DM1smAlGn8RP9te0ySMWSgnoLC8QHVniS9uesyGSpjexbW','dokter'),
(111,'patient_099_741d','patient99_741d@gmail.com','$2y$10$MYrbiltEOGiuVJw2kL7vEeVVq0n1q10Aje3H3Nz190LoqFaPlW.WG','pasien'),
(112,'doctor_055_8abb','doctor55_8abb@cliniq.test','$2y$10$RqCSFHpWj4yjgxuuxhf9ceASBsmc8wJW3hbXRpvqTuXQJXAuYCJd.','dokter'),
(113,'patient_100_6d96','patient100_6d96@gmail.com','$2y$10$JotWaPCypJPX.dEFY//a7elVuXryQLX1k7g9Vo1bTc8tYUPLa7pfi','pasien'),
(114,'doctor_056_89f0','doctor56_89f0@cliniq.test','$2y$10$1krzvpl7KGNnUDvXh5wFP.us3wIR4PxfjH.fCZYFFghQYmNS8.op2','dokter'),
(115,'doctor_057_6f38','doctor57_6f38@cliniq.test','$2y$10$Y3bEFCi0HB4u2Rpy0GRpcOC1fD.Sme2ExKjcLd83ZwOY9RpGLFI5a','dokter'),
(116,'doctor_058_8172','doctor58_8172@cliniq.test','$2y$10$RgW4jiuy6gnXv2Lrt4Yp/ex3Lzkpx/2wj6ten4ZqVzthD5isXwVSm','dokter'),
(117,'doctor_059_928d','doctor59_928d@cliniq.test','$2y$10$VsV3qEsQQsKpQRkjjSthsu2hWu3cRJeaaJV.xuxn7sCuLjwlyG2tq','dokter'),
(118,'doctor_060_8357','doctor60_8357@cliniq.test','$2y$10$9ldcgbFk/.1VDy0cNj72Y.7lD/os/YzwtNZHUgF756xnIqzYLTzq.','dokter'),
(119,'doctor_061_aa0d','doctor61_aa0d@cliniq.test','$2y$10$KFpatOWNOrl2V/FuRV16NOq8b79WCEcnsoiiHh18ksrLmJzoU7WGW','dokter'),
(120,'doctor_062_67de','doctor62_67de@cliniq.test','$2y$10$tpQRbW5udfGVDoB0yrslfeEQ4Gy2y1MqhnE0m6KEcUHu5gZyfRkTC','dokter'),
(121,'doctor_063_78d5','doctor63_78d5@cliniq.test','$2y$10$BM9CdRRpkrBLTVFBQYn7C.wCDqGImgAZyBsyP.IfQMX8YS.ql.ir.','dokter'),
(122,'doctor_064_fdfd','doctor64_fdfd@cliniq.test','$2y$10$TmJZF8eGgoa6InbhiulMi.0PJBGDNWtSl087YwH1gH7Im0.mFSE0q','dokter'),
(123,'doctor_065_4169','doctor65_4169@cliniq.test','$2y$10$kYhcoZPRNVNlEcjx6jIcj.ZF43.TgXkPTk9QFacozCTbZdfN0ZTK.','dokter'),
(124,'doctor_066_a2e9','doctor66_a2e9@cliniq.test','$2y$10$rPceK1BWxj68mh7pYaF9Ce.G2vUXNev3hdMTJuaxxhumlcnqFPD5K','dokter'),
(125,'doctor_067_f8d4','doctor67_f8d4@cliniq.test','$2y$10$WuRGPJjTpyMFAw3BN0LCM..OQUnHa793w21XNV38RTNjRJTCZ6NYm','dokter'),
(126,'doctor_068_0988','doctor68_0988@cliniq.test','$2y$10$Cfq9TTquexuYsPJ4aLuN6ejjUmRnnJjF9d6aBwGfEC2xw4RfLIvZu','dokter'),
(127,'doctor_069_1fcc','doctor69_1fcc@cliniq.test','$2y$10$4Kt2Xfcirhtvsnraspb/guX98H6sMiALvUX.XQUG5gCBoksQ/tUWa','dokter'),
(128,'doctor_070_46a1','doctor70_46a1@cliniq.test','$2y$10$E3mUNASerpCgIV4r3exq3upgR5SeFx5cuzKfGIaZR/rF0Wj11ym66','dokter'),
(129,'doctor_071_91eb','doctor71_91eb@cliniq.test','$2y$10$f6uqLMhhGlmJu9MD0b/ln.z5SeIVbFkqXF8QMYg6HBzN4b7N7mbcq','dokter'),
(130,'doctor_072_8b91','doctor72_8b91@cliniq.test','$2y$10$XYd1bJhynUc5PeXWxvktZusy95GuWwA.wqnYbivmeHPHjh2wAiyOW','dokter'),
(131,'doctor_073_afef','doctor73_afef@cliniq.test','$2y$10$cHJP4iwkCUpz3hx4UQ32I.FeP4C/fzB1xG8PA4rt/ZkkYOHq/3vB6','dokter'),
(132,'doctor_074_d087','doctor74_d087@cliniq.test','$2y$10$8LZn0dZkSjGVsJyHFa3lZeyARt6vMwYSeBA6ZV56GX22s70HuzA42','dokter'),
(133,'doctor_075_a06e','doctor75_a06e@cliniq.test','$2y$10$sv57D8Qn2sAknVU2O/E.UudUEpnzqY1UH4zvNyKRb3V8WZHxqeDRe','dokter'),
(134,'doctor_076_aa1e','doctor76_aa1e@cliniq.test','$2y$10$8xGa.kO1dAKen1oYBDKgP.iqQ6rpy1Z/OGFBwlyqn.lFM.8Ix982a','dokter'),
(135,'doctor_077_b2c6','doctor77_b2c6@cliniq.test','$2y$10$GFozfzQKePvc6EdD9WROGuKCfw8gzwuSLrSDzTZfO0ha8GRRc2RQG','dokter'),
(136,'doctor_078_d756','doctor78_d756@cliniq.test','$2y$10$n47LzxLkxf12HCxmOYA3JuobCxRg/fUb.c2D2IlR7S.DmBFsVRwpG','dokter'),
(137,'doctor_079_f39b','doctor79_f39b@cliniq.test','$2y$10$dFgn6R6oUAL5BXuQ/C1MTeH8Uvs9GwsnBnvsOxcTQPgexF09mDhdS','dokter'),
(138,'doctor_080_419a','doctor80_419a@cliniq.test','$2y$10$X3JTzKFCegnXkgfQ0BWI3O5hNuy3sI405PoQVi877zh.CJye.rPlu','dokter'),
(139,'doctor_081_2e38','doctor81_2e38@cliniq.test','$2y$10$2NQECkAuyNVglO0B4goyAu22SMizCm1WIVkqEoole7PwX6EJq4Ks2','dokter'),
(140,'doctor_082_8a4a','doctor82_8a4a@cliniq.test','$2y$10$pklQMO9jhcWFgQX4gnqFju/0lDGZjZj01mZ2L.cDslHoz98Zj0gdy','dokter'),
(141,'doctor_083_8540','doctor83_8540@cliniq.test','$2y$10$5HXMfJKHOHvbnqURkDeAs.H2DR5xP0gaKgK7eUaWyub8/Ktz4kRAm','dokter'),
(142,'doctor_084_8019','doctor84_8019@cliniq.test','$2y$10$KhL1zoxiFwdu0rMU3XRpHufWog5hAgYg99L1zrxU00ZgxEEjNaQp2','dokter'),
(143,'doctor_085_d5fb','doctor85_d5fb@cliniq.test','$2y$10$IKAarL7DOJoVC6uWEgjyyu2mwePvhpoMQvzs17.TmYq2gXaDjfWW6','dokter'),
(144,'doctor_086_40f3','doctor86_40f3@cliniq.test','$2y$10$oSOLja2I2au7mvMByyvu7OrJDrQki20eXl6jPJBMYsLEKbkTtJFL6','dokter'),
(145,'doctor_087_6711','doctor87_6711@cliniq.test','$2y$10$R7CiW.SZq15jRlRLlxSIlec0DhRu4x/GZj.rN4Et6f/efI4OBop1G','dokter'),
(146,'doctor_088_5f5c','doctor88_5f5c@cliniq.test','$2y$10$sZ1J0bAA9MuTTZO2O4khceYz6qXrPUzQwKbWujanM3mmtOXyhHvuq','dokter'),
(147,'doctor_089_8fb8','doctor89_8fb8@cliniq.test','$2y$10$YdxAPKjPs7jkPuh0AtzJJuOdJUbudAZaTc5bR6VfG06VYV5ozbkXm','dokter'),
(148,'doctor_090_bcab','doctor90_bcab@cliniq.test','$2y$10$uTtXwl8UELZz9GMYaAFsDuNJGV2RGVM8CzZVUkaGE8kqXbokKx8Mq','dokter'),
(149,'doctor_091_cee2','doctor91_cee2@cliniq.test','$2y$10$6fHgTeocPj/2X0CFcNh2zOmVg1NbmX25X4ojQpYZBCfsmzXtqusDS','dokter'),
(150,'doctor_092_c438','doctor92_c438@cliniq.test','$2y$10$Ntj0J2w1ZXF5sgjH1Ie74evvzW/T.GrQZhV2FEY4vMm3DfNmTp/DK','dokter'),
(151,'doctor_093_0ef5','doctor93_0ef5@cliniq.test','$2y$10$8qiAU2IvH5R9LdPru8oXF.Vuu0cdWffHc3B8tKWNP0yy/gbJbqcMW','dokter'),
(152,'doctor_094_feed','doctor94_feed@cliniq.test','$2y$10$xve.yZbCpqcrnQRlTYUYwesNghGwFYPW2bz7a9lXgmAQ9eLjd3FA.','dokter'),
(153,'doctor_095_0510','doctor95_0510@cliniq.test','$2y$10$IeDtueU8kza4Pp7IEmp1/eLtDlT.UBYXV/0pP7lbxG.DkzEUvKu96','dokter'),
(154,'doctor_096_0e5a','doctor96_0e5a@cliniq.test','$2y$10$xyqQiN4d1HiMG.u.iN640OKrCLFLprsVfX1DBOUqxINXp9RPnVtO.','dokter'),
(155,'doctor_097_3c4c','doctor97_3c4c@cliniq.test','$2y$10$usXEugzRHeUkYj7tERQLUuh.b6qRZl80gJjWDT3T2U4IYjQha4kvK','dokter'),
(156,'doctor_098_69f5','doctor98_69f5@cliniq.test','$2y$10$no0z0XMJ0u2uIzm1GG8inOhPh3B1HP0DFhwz0HJ5yYheK6NKgBfIy','dokter'),
(157,'doctor_099_81a9','doctor99_81a9@cliniq.test','$2y$10$ECCC9isZp.kWsc6pHvzsLuu8Ljg1sQW9utAXS2x2efKkyV/e9cNYC','dokter'),
(158,'doctor_100_b761','doctor100_b761@cliniq.test','$2y$10$RZ97wdVd0P7NbkQ0vwn0MuNVTNBNPkNq8seMj6VfcDj5Za9rgeBx6','dokter'),
(159,'patient_001_ce7b','patient1_ce7b@gmail.com','$2y$10$yI3tfgadWkDNRVGbJpALzuhyGnwhE6z42xBKv0EMwS0eSvrhfQpgW','pasien'),
(160,'patient_002_0c1d','patient2_0c1d@gmail.com','$2y$10$hhBucwwSEYfEjU.BCAgBzO2.9CUzq0TwfUXXLQLZoL4fvQJ9h6.Xa','pasien'),
(161,'patient_003_4a0b','patient3_4a0b@gmail.com','$2y$10$1IoDsJ6X4pZ9/FN.IfliG.zSTxMR1/C24u44uW2vDmYovqLLJcOdy','pasien'),
(162,'patient_004_6d6b','patient4_6d6b@gmail.com','$2y$10$rDXZgztttmGqOQcWYqr41OnhArSPDptYXUHS1VPDR4DCssJ6iOZQu','pasien'),
(163,'patient_005_73cf','patient5_73cf@gmail.com','$2y$10$dBcNnPcxnneEcJfkyFKTS.UhnWU3bp9mZy9FCYmEOou25nfbCDU/u','pasien'),
(164,'patient_006_a539','patient6_a539@gmail.com','$2y$10$7CNOsahNXMqw8LvE4qSCQ.iUKOGVbpZOSaIaJ/vZYqHxohQGVJ1qe','pasien'),
(165,'patient_007_d6c5','patient7_d6c5@gmail.com','$2y$10$7LMi9NorslwAooPCxoOOUO8x..LXk5Es2HAeQJgZe.d5ys6hvLb8S','pasien'),
(166,'patient_008_0e30','patient8_0e30@gmail.com','$2y$10$ZPXA17yWH7eWn5CPkeIfMu3X.3n3sbgIWlx0j1N.E54/8scxX88Qy','pasien'),
(167,'patient_009_1a3f','patient9_1a3f@gmail.com','$2y$10$3CuxfHWkA4364arqjQ3ao.L8cpeRNTAoGr1v0.UETQH/kG1Xf7ms6','pasien'),
(168,'patient_010_6bd3','patient10_6bd3@gmail.com','$2y$10$MOGuWy6cLCXpwFiwOLRDBe0eEWjwqovcDZ2niyj8zIp3d9sDVeYLO','pasien'),
(169,'patient_011_6a55','patient11_6a55@gmail.com','$2y$10$RO1Ac7iEhHMYAx71wInJUekfIpFWKBLDZzqV9t1ilo.CrShF9BSLK','pasien'),
(170,'patient_012_7690','patient12_7690@gmail.com','$2y$10$QCKEprIR4ebLrPfi0N4gWOpcWfB3hupi69uJkdtx8DdKkCWgA0w5G','pasien'),
(171,'patient_013_92b4','patient13_92b4@gmail.com','$2y$10$gM4Zfhob1tJHjCBZQ5jBgeYXQgbsyiFazkGhwtEoGt7xnk5PV8UEi','pasien'),
(172,'patient_014_c8d0','patient14_c8d0@gmail.com','$2y$10$FpU50NPplNajVxbvwcxXxOZHaFTISpqzvX2muChYZU03Sgp7DWms.','pasien'),
(173,'patient_015_99d5','patient15_99d5@gmail.com','$2y$10$Q.BAwu1Ffm20rdQDFZ.7AOBIk8v0VtcTagRYK9CdmbI1I/WqbJXeG','pasien'),
(174,'patient_016_8103','patient16_8103@gmail.com','$2y$10$2YRraAo5axCWkVAxwgAA0eJC1mKVM5njhg6pebxWoWbSWLW1yVJty','pasien'),
(175,'patient_017_af35','patient17_af35@gmail.com','$2y$10$Somz0M4YNaBdvD/ISkVj.ulNpuk5RnxrSnil/ZbyExhEig6lFuVhS','pasien'),
(176,'patient_018_e1b4','patient18_e1b4@gmail.com','$2y$10$3DHgtZ4Q4UV3Gadtw7qgzuO0UPK0YiS5oNjsR65J2.OqrOVMu8nfi','pasien'),
(177,'patient_019_11b5','patient19_11b5@gmail.com','$2y$10$VKm1edKuYfONFnJS7BzZkOODpstzDVw7tV017tcFSHzFH19Is8/zK','pasien'),
(178,'patient_020_5b2e','patient20_5b2e@gmail.com','$2y$10$wUZGL7yc/dYSKpWuP9c6vOGhcHqJ2KAtV0ZvsNx04au6rmHbuV1gG','pasien'),
(179,'patient_021_735b','patient21_735b@gmail.com','$2y$10$vOHyF7Jif4AmrR87BY/5cuX6R3CN/DjzcDVFm2eZXhib7pBQnj2CS','pasien'),
(180,'patient_022_8dd4','patient22_8dd4@gmail.com','$2y$10$t9awCAyc3o6RqLoETtUB/OwSaEedtYcrFEMORI3.QlEF9qSfMfjLW','pasien'),
(181,'patient_023_81fc','patient23_81fc@gmail.com','$2y$10$SZ4kv3P8tiDY1iHvgkjdYeYrdP8sr57VBhTulv4MuAPzpsjR9hrC.','pasien'),
(182,'patient_024_8e74','patient24_8e74@gmail.com','$2y$10$7gRAuJ3XIwoN.jkUeOwilexSa9RHt7MDw/CifTQlkwA8ZyxeB7kle','pasien'),
(183,'patient_025_7067','patient25_7067@gmail.com','$2y$10$CB8J7ynpOGZbevtt6K97e.qgmlwoibvJjZhGVJ8nokDqisxRxfdmW','pasien'),
(184,'patient_026_53d1','patient26_53d1@gmail.com','$2y$10$7jQi3Yrkepme0qUU79DCpuoGTSlFMuhFA.k1N8G4sWZ.oTWuyscSi','pasien'),
(185,'patient_027_6a10','patient27_6a10@gmail.com','$2y$10$/gQh5k6SfHuzxHUbDk1rXulUdQkiMlpobaSYfNejCaU6pxbc0vvi6','pasien'),
(186,'patient_028_bee4','patient28_bee4@gmail.com','$2y$10$OozS058RB8oSPSJohIWBSOKGWb//wEqpYiSpNpPCkK0wznirlfiaK','pasien'),
(187,'patient_029_91bf','patient29_91bf@gmail.com','$2y$10$CZH8oHGXOMNPtsmQeqJKi.n3oWBEiDjdqP4Bq0N7Si2YdZGfR3/kO','pasien'),
(188,'patient_030_daf8','patient30_daf8@gmail.com','$2y$10$C.UeyxmPICkwPaLYy/H/UeWofety8F33b41FVk1QiQsk8pVu3JEZq','pasien'),
(189,'patient_031_c9b2','patient31_c9b2@gmail.com','$2y$10$.eOlQ1jE1MY.QkcSF3.QZewMCo11f5G2XanU2OBjmnTqrSJ/7IZD6','pasien'),
(190,'patient_032_fb6a','patient32_fb6a@gmail.com','$2y$10$OmQ4rnMHhq2xu9Gvb5H1AOEdopdwUmEZQxw6KJ1jKFkewPtKqBm0.','pasien'),
(191,'patient_033_ebfe','patient33_ebfe@gmail.com','$2y$10$dD1eeLV/MBPy5CqGzi3PAuAlO1oXtVYulpci0MgPUeh6csDpfz4k.','pasien'),
(192,'patient_034_f915','patient34_f915@gmail.com','$2y$10$dX71R8MuJ74C7Yu2l9Fxe.WS1JgPefgH/w493AwHk0pGk3bqqHqda','pasien'),
(193,'patient_035_13b4','patient35_13b4@gmail.com','$2y$10$I6kJkbx90E/9RuZg2UGJK.snLPm4xHcKVrRmVsOb547IbFCYB9VQ2','pasien'),
(194,'patient_036_f013','patient36_f013@gmail.com','$2y$10$GIl4LStUEsSIjfIYakUEZunFRXkfF3uPjwtURJit50YV74fXgJ.S2','pasien'),
(195,'patient_037_f206','patient37_f206@gmail.com','$2y$10$6SyVU3xWxoCSBr9gupGC.u8luFCe..j5rv7y79zg/qWHWwFIB5XJC','pasien'),
(196,'patient_038_f816','patient38_f816@gmail.com','$2y$10$JjYsPo3dsHLhUknJcYKNX.GIERfc5XOWPloIJS.qjh3I2D9r9wc8G','pasien'),
(197,'patient_039_432c','patient39_432c@gmail.com','$2y$10$O4oH.fsqYzKe9YMqPkEDx.uD5OcGEyL99dqtjskL8u4TXix3bc40O','pasien'),
(198,'patient_040_7b23','patient40_7b23@gmail.com','$2y$10$tGhjilaAxfJlOCKVtcmuVueMRPOWs6pCdse8xl9jyp9p/6UdEk2S.','pasien'),
(199,'patient_041_aee6','patient41_aee6@gmail.com','$2y$10$s7xhc1de4YXwGN21CyZKO.HolyzYmbqFq.W4aGjE5YxKAMl46DpNO','pasien'),
(200,'patient_042_b619','patient42_b619@gmail.com','$2y$10$UhcbIGlhjb4JLnd3zTJisuhf86eTKWnyqt49coYWjuiDDkY/zjzve','pasien'),
(201,'patient_043_7003','patient43_7003@gmail.com','$2y$10$T1Fe3v12pb8IobE1yjwzUOIKtqu1LCgH7slaxz40h/R3vtHn1GM6q','pasien'),
(202,'patient_044_d0f4','patient44_d0f4@gmail.com','$2y$10$RKOxKodD7G3lk6cFZYakpudgBLJrbMiIPsqV67Wm9xE6IzDW/Qor2','pasien'),
(203,'patient_045_ff80','patient45_ff80@gmail.com','$2y$10$u4qYRfSCNIXcVZ/Nb5LIfO9ln1bhhJ/slj5tbeIManc24baU2jo2i','pasien'),
(204,'patient_046_0db1','patient46_0db1@gmail.com','$2y$10$oZNgbrYQnqaNA8yj4gcbe.3NRfn0aJPqBjFq7nVGtqer3LzeULdHe','pasien'),
(205,'patient_047_247c','patient47_247c@gmail.com','$2y$10$OOR.k/.esQou5bl71EBhSuaFUP3ge9GtOZHaKE6VgrqrNdQhlOfxS','pasien'),
(206,'patient_048_1bb2','patient48_1bb2@gmail.com','$2y$10$76N8hunFvzDh3cwPrPvYt.yTtvsHxRW5E0Xij/GU3.Q2Of1GDe1.2','pasien'),
(207,'patient_049_51ed','patient49_51ed@gmail.com','$2y$10$AU5M3lSVYOAnxbJGpJrfWOAlDN6TQt4MTeEPhB.GRUdHY145AFJxG','pasien'),
(208,'patient_050_96ba','patient50_96ba@gmail.com','$2y$10$7Cl3jzhh4rSVVxF9n4ihJ.H/qYl0pmTECC97socOpZIdwsBHI0Qsq','pasien'),
(209,'patient_051_9cf0','patient51_9cf0@gmail.com','$2y$10$t7bUhP0qz3DxLwk2YnVDKelKlmfMHBg5LXYh0c2jEbAVjUpa53rSy','pasien'),
(210,'patient_052_8630','patient52_8630@gmail.com','$2y$10$l93hOmwGzipmPkyWykSeLu9EYzx6pum6mcwZNmH4LB6hFY/.vqGXC','pasien'),
(211,'patient_053_a6c0','patient53_a6c0@gmail.com','$2y$10$Wgz.VyP/.0Q0WXwOcJKbiuwtU9wBThJvMNLkwYRrx4Rb./uXPbVxC','pasien'),
(212,'patient_054_967a','patient54_967a@gmail.com','$2y$10$IqGb1MzWGLSmhL/6iXLs/uNnbu98dtneJpyo9P3iUba3HphRSH9Qi','pasien'),
(213,'patient_055_8a9c','patient55_8a9c@gmail.com','$2y$10$m3aslNzyHcOGZBTIUog8ee.yMoY5JOwV4kSESKm3MQvzhemcc1D6q','pasien'),
(214,'patient_056_69e5','patient56_69e5@gmail.com','$2y$10$8bA1IO61mzOMdGJJwKmApuELqk5xl6Od/VStodwcpEG5TlKxa9Kne','pasien'),
(215,'patient_057_51cf','patient57_51cf@gmail.com','$2y$10$vN3cJ0elDGUZ/4qqhNl/8u07icSCeiF37/GQDt36lxY..msxDK8GO','pasien'),
(216,'patient_058_602d','patient58_602d@gmail.com','$2y$10$blIlE/yu7UsC1PJQb5g1zeSQU4ez7xMhNm6KqbOcYW.1PPmVFc5Uu','pasien'),
(217,'patient_059_8ef4','patient59_8ef4@gmail.com','$2y$10$kv7hrRZsnTYMNYqHlEbn1eolyw0J5qZvvR5PMkTAP3oX/7H48n8vK','pasien'),
(218,'patient_060_8cbf','patient60_8cbf@gmail.com','$2y$10$Oml3Jkybek8jJqcSDEZyQu3mkZeLLCVEWs4QNACbb1oL8PCcOrIre','pasien'),
(219,'patient_061_a7b8','patient61_a7b8@gmail.com','$2y$10$KUFZzuwu/jjTbnkQiwK4tuZT8PmBUOGMD/06JNU3Q8GvMDCXForci','pasien'),
(220,'patient_062_b3aa','patient62_b3aa@gmail.com','$2y$10$GufIZ8ZY3SEsjYJdXH/oZufg0.OIEVnPZI5CJus3OZiI4jH6RFfGu','pasien'),
(221,'patient_063_8ebd','patient63_8ebd@gmail.com','$2y$10$a8GMZEpVorHAyUpL9K88Tuxqwwm4RQKzD3iTLSdGmqult3ie8C1y6','pasien'),
(222,'patient_064_b2ed','patient64_b2ed@gmail.com','$2y$10$SgznS9LRY/8MzPOH5QWu5ukAZ/ntlQvRXfAtawJBd1kQWcB66pyLS','pasien'),
(223,'patient_065_c1a7','patient65_c1a7@gmail.com','$2y$10$2yQnqkJSwQWO4q.L.HgTO.G763xpf4Hs.7LB3xUuz6WD.w0DwfXfK','pasien'),
(224,'patient_066_0022','patient66_0022@gmail.com','$2y$10$1duI278ii6LS.RTKNQ1mQOF7TpDhYs5cGgUItrMba4lH/fUzD33hq','pasien'),
(225,'patient_067_0cbe','patient67_0cbe@gmail.com','$2y$10$x9F69zBTbha3dQmxnF.I1egXx25Tl2167bzNGtRuXYUGpIrM4a4cC','pasien'),
(226,'patient_068_0e61','patient68_0e61@gmail.com','$2y$10$15Xx8ZRq4tOvjJpxxxTtl.xR8cWMNHbpRYYoXDsYMVujGWeFt4Rh6','pasien'),
(227,'patient_069_0b52','patient69_0b52@gmail.com','$2y$10$rYoE/KqpaU35op0WaO35.u8t0kOM2cezadpcX3mLDB4KzN0yLzF7u','pasien'),
(228,'patient_070_376b','patient70_376b@gmail.com','$2y$10$TkCI5qgzlGSQ8OBIk6Au3ecyeFi5Wx1FP0SeyAR8LXPHI2.TngfiW','pasien'),
(229,'patient_071_032c','patient71_032c@gmail.com','$2y$10$LJloAfzZ3UBp/wYELDAjpuV5cMQfDyjtmx1xb1bSxvlT6auZ0Ku9C','pasien'),
(230,'patient_072_1f83','patient72_1f83@gmail.com','$2y$10$8XST7uVwB4A8nfBrxhstJO8TbuP1EyGw1nco.WlggZRs5uoYtbdR6','pasien'),
(231,'patient_073_49b9','patient73_49b9@gmail.com','$2y$10$knBe0p2Wl4U7W.SHBAVpWeGozWDIdtQxbA9V7UC8tMaJcALHu3NoO','pasien'),
(232,'patient_074_498e','patient74_498e@gmail.com','$2y$10$Q10Nyr1zTUwdqQqcqB/YIOqOOsDA7lS8VjTeDg4tHtg.6ZmiBawZS','pasien'),
(233,'patient_075_6606','patient75_6606@gmail.com','$2y$10$K5m4AXF.ehoEkLuNDzhQEeTtXl5CEBxQdIuWso1jFsMXeCAbcVk3i','pasien'),
(234,'patient_076_5071','patient76_5071@gmail.com','$2y$10$dy4.rA0Peei8bUeFCK1uGedwvf3.MI7TDEWwe5YqvsNxAZY6iTk92','pasien'),
(235,'patient_077_660c','patient77_660c@gmail.com','$2y$10$qGKE.zwZFVJQdsCkn4UMheCwdc4p0uTOxUQyDPx5oZ.iQdkhHo0qS','pasien'),
(236,'patient_078_911b','patient78_911b@gmail.com','$2y$10$y7rpMg7U9uXt0cYsO0bzbeVNX1g5rBCJluKFrUTo8Q4PmthI8rcFC','pasien'),
(237,'patient_079_91ce','patient79_91ce@gmail.com','$2y$10$Yf4hkAhUGwqg76QTOoz9zeWe4LtHxoIpdH21rT4KrRt0pmBGTuROu','pasien'),
(238,'patient_080_a197','patient80_a197@gmail.com','$2y$10$hEiQUPkl/IKRWfKCr4orNeT5sU7iN7En37u1XdlvIDlITcgyJMSI6','pasien'),
(239,'patient_081_9a3f','patient81_9a3f@gmail.com','$2y$10$iJG4k3Ok4CfT3483AZD1meC/H0qGR0JXejTIUjP0M4yDXYX7.zhyO','pasien'),
(240,'patient_082_9e1c','patient82_9e1c@gmail.com','$2y$10$iNkpV7lC/91hSFZpWMPR2OY8DT3SxZtdgK5ZII3BdcZC662XriSOy','pasien'),
(241,'patient_083_b7ce','patient83_b7ce@gmail.com','$2y$10$RYBqPDCBX4FGNY..3yOTO.dkiNR/q3AxRscaH9P7Gv/nqD9X7dOhG','pasien'),
(242,'patient_084_cd7c','patient84_cd7c@gmail.com','$2y$10$OOy9/CxinwJdio2DXTbl3eJBBvbvvPKLrttblczPqi5OmKayfjTs6','pasien'),
(243,'patient_085_07fd','patient85_07fd@gmail.com','$2y$10$.eMnjtL48v7OUILXZD6t0Ok5XHdBuECtMxLZ.Mr6vn5HYsfCuyKGK','pasien'),
(244,'patient_086_da2c','patient86_da2c@gmail.com','$2y$10$a5OG4TRlV4wqQ8d0GixlHurlwI58ejBbIRMur0w3qlHiQL.mXWvXi','pasien'),
(245,'patient_087_d146','patient87_d146@gmail.com','$2y$10$tLh/ay.T/B01isHMV4MEy.dzyBXaLFpcVgPiMQTx7plBa496wLDQy','pasien'),
(246,'patient_088_e64f','patient88_e64f@gmail.com','$2y$10$2io51wCe3SvmgiiLZLQPw.thmIJLdaJ68RMQJuLqO0uVKs6KblQ.e','pasien'),
(247,'patient_089_21f1','patient89_21f1@gmail.com','$2y$10$W.UAAWUvHdPJZ0fPvPZD6OslmuSj.nchE6UrfUDB9LXsr4DMRjJZ6','pasien'),
(248,'patient_090_30b3','patient90_30b3@gmail.com','$2y$10$LR/8x/988MiC/eJlnCzfrOnvgc4d3a1kEhUwTL1r2QVEtpwlNbU1G','pasien'),
(249,'patient_091_4b2e','patient91_4b2e@gmail.com','$2y$10$QSSZs.EYzmD9FyStfo.A6.nXNFyUSB6uB1dqCGOmKda3C4IdisXKm','pasien'),
(250,'patient_092_60a3','patient92_60a3@gmail.com','$2y$10$GBrAeIvhj81hDhnWJCF1/upmtjo.mVuwOUkkK1JuY8IhJy15HynCK','pasien'),
(251,'patient_093_67ad','patient93_67ad@gmail.com','$2y$10$ehWETPFRPmnu4QkYDw.C7O8mxXzMMBwx.4Mgbdgh4h8gf9kIIDStO','pasien'),
(252,'patient_094_6910','patient94_6910@gmail.com','$2y$10$auVsufF0anp5lKd5uXejy.AcFwi5AuethvzEhcekLtK2YQ3KDfozi','pasien'),
(253,'patient_095_8fcf','patient95_8fcf@gmail.com','$2y$10$SQreChx81Cmkj8clsyRLGuYlVcHJg2uipUdU1NygeyB7iG.qVihWq','pasien'),
(254,'patient_096_b331','patient96_b331@gmail.com','$2y$10$OyZHEQgm2yxURCYOtLEEIudoswhfnz9qWmcZbswPJ7eljSlEkYLxC','pasien'),
(255,'patient_097_d6a2','patient97_d6a2@gmail.com','$2y$10$o2O5lP0XrNnDUJ8ZYVBJy.ucW04z4JqLpHjw4sPfm0i7.Y7UF71Fi','pasien'),
(256,'patient_098_c09b','patient98_c09b@gmail.com','$2y$10$SafbSzidhGHBW93Hfx7ruuTWsBqTMlMwW0I7gPPo5h.dLBxSa2BAy','pasien'),
(257,'patient_099_ad9d','patient99_ad9d@gmail.com','$2y$10$ralvJfONxTi0uEvwM04erOc7M5kx3rB6HcQFb/2JK0miis0NrFgV6','pasien'),
(258,'patient_100_6538','patient100_6538@gmail.com','$2y$10$x3XIBqGhqA9/QhsVQDAM2.yXxAKeYzrtI5Coks/QLnf.bPdaVBeE2','pasien');

INSERT INTO dokter(id_dokter,id_user,nama_dokter,spesialisasi) values 
(1,3,'Dr. Andi Putra','Kandungan'),
(2,5,'Dr. Dewi Lestari','Umum'),
(3,7,'Dr. Sri Pratama','Penyakit Dalam'),
(4,9,'Dr. Dewi Kusuma','Umum'),
(5,11,'Dr. Agus Putra','Penyakit Dalam'),
(6,13,'Dr. Sri Putra','Anak'),
(7,15,'Dr. Eko Pratama','Penyakit Dalam'),
(8,18,'Dr. Siti Nugroho','Gigi'),
(9,19,'Dr. Eko Wijaya','Anak'),
(10,22,'Dr. Eko Lestari','Penyakit Dalam'),
(11,24,'Dr. Rina Nugroho','Kandungan'),
(12,26,'Dr. Budi Santoso','Anak'),
(13,28,'Dr. Budi Lestari','Anak'),
(14,30,'Dr. Dewi Setiawan','Kandungan'),
(15,32,'Dr. Agus Rahayu','Penyakit Dalam'),
(16,33,'Dr. Agus Santoso','Kandungan'),
(17,36,'Dr. Dewi Pratama','Gigi'),
(18,38,'Dr. Siti Putra','Gigi'),
(19,40,'Dr. Lestari Rahayu','Umum'),
(20,41,'Dr. Eko Putra','Gigi'),
(21,43,'Dr. Siti Pratama','Umum'),
(22,46,'Dr. Rina Putra','Anak'),
(23,48,'Dr. Agus Putra','Kandungan'),
(24,50,'Dr. Agus Setiawan','Gigi'),
(25,52,'Dr. Dewi Lestari','Penyakit Dalam'),
(26,54,'Dr. Lestari Putra','Kandungan'),
(27,56,'Dr. Dewi Kusuma','Kandungan'),
(28,58,'Dr. Andi Nugroho','Penyakit Dalam'),
(29,60,'Dr. Budi Santoso','Penyakit Dalam'),
(30,62,'Dr. Eko Wijaya','Penyakit Dalam'),
(31,64,'Dr. Budi Setiawan','Gigi'),
(32,66,'Dr. Andi Pratama','Anak'),
(33,68,'Dr. Agus Putra','Penyakit Dalam'),
(34,70,'Dr. Agus Putra','Penyakit Dalam'),
(35,72,'Dr. Lestari Kusuma','Penyakit Dalam'),
(36,74,'Dr. Eko Setiawan','Kandungan'),
(37,76,'Dr. Dewi Kusuma','Anak'),
(38,77,'Dr. Budi Kusuma','Penyakit Dalam'),
(39,80,'Dr. Agus Wijaya','Gigi'),
(40,82,'Dr. Siti Lestari','Kandungan'),
(41,84,'Dr. Joko Pratama','Penyakit Dalam'),
(42,86,'Dr. Dewi Sari','Gigi'),
(43,88,'Dr. Dewi Rahayu','Umum'),
(44,90,'Dr. Eko Wijaya','Kandungan'),
(45,92,'Dr. Lestari Putra','Anak'),
(46,94,'Dr. Lestari Santoso','Gigi'),
(47,96,'Dr. Dewi Setiawan','Anak'),
(48,98,'Dr. Sri Rahayu','Gigi'),
(49,100,'Dr. Andi Wijaya','Penyakit Dalam'),
(50,102,'Dr. Eko Setiawan','Penyakit Dalam'),
(51,104,'Dr. Eko Kusuma','Umum'),
(52,106,'Dr. Joko Santoso','Penyakit Dalam'),
(53,108,'Dr. Eko Setiawan','Penyakit Dalam'),
(54,110,'Dr. Siti Nugroho','Penyakit Dalam'),
(55,112,'Dr. Budi Sari','Penyakit Dalam'),
(56,114,'Dr. Eko Rahayu','Anak'),
(57,115,'Dr. Siti Setiawan','Penyakit Dalam'),
(58,116,'Dr. Lestari Setiawan','Umum'),
(59,117,'Dr. Dewi Setiawan','Anak'),
(60,118,'Dr. Joko Pratama','Penyakit Dalam'),
(61,119,'Dr. Joko Wijaya','Anak'),
(62,120,'Dr. Agus Lestari','Gigi'),
(63,121,'Dr. Lestari Lestari','Anak'),
(64,122,'Dr. Budi Putra','Penyakit Dalam'),
(65,123,'Dr. Andi Lestari','Kandungan'),
(66,124,'Dr. Eko Pratama','Anak'),
(67,125,'Dr. Andi Setiawan','Gigi'),
(68,126,'Dr. Joko Pratama','Penyakit Dalam'),
(69,127,'Dr. Lestari Rahayu','Kandungan'),
(70,128,'Dr. Andi Putra','Kandungan'),
(71,129,'Dr. Dewi Nugroho','Kandungan'),
(72,130,'Dr. Siti Sari','Gigi'),
(73,131,'Dr. Agus Santoso','Penyakit Dalam'),
(74,132,'Dr. Eko Kusuma','Gigi'),
(75,133,'Dr. Rina Nugroho','Penyakit Dalam'),
(76,134,'Dr. Budi Lestari','Anak'),
(77,135,'Dr. Joko Santoso','Kandungan'),
(78,136,'Dr. Siti Kusuma','Gigi'),
(79,137,'Dr. Dewi Sari','Kandungan'),
(80,138,'Dr. Andi Lestari','Gigi'),
(81,139,'Dr. Andi Putra','Anak'),
(82,140,'Dr. Joko Sari','Gigi'),
(83,141,'Dr. Joko Kusuma','Penyakit Dalam'),
(84,142,'Dr. Lestari Nugroho','Kandungan'),
(85,143,'Dr. Dewi Pratama','Anak'),
(86,144,'Dr. Joko Wijaya','Penyakit Dalam'),
(87,145,'Dr. Lestari Nugroho','Umum'),
(88,146,'Dr. Budi Kusuma','Penyakit Dalam'),
(89,147,'Dr. Rina Kusuma','Gigi'),
(90,148,'Dr. Dewi Setiawan','Umum'),
(91,149,'Dr. Sri Kusuma','Gigi'),
(92,150,'Dr. Rina Putra','Umum'),
(93,151,'Dr. Joko Santoso','Anak'),
(94,152,'Dr. Eko Rahayu','Umum'),
(95,153,'Dr. Budi Santoso','Kandungan'),
(96,154,'Dr. Lestari Santoso','Kandungan'),
(97,155,'Dr. Joko Rahayu','Kandungan'),
(98,156,'Dr. Rina Setiawan','Umum'),
(99,157,'Dr. Budi Santoso','Umum'),
(100,158,'Dr. Eko Lestari','Penyakit Dalam');

INSERT INTO pasien(id_user,nik,nama_lengkap,jenis_kelamin,tanggal_lahir,alamat,no_hp,email) values 
(213,'3511027664252234','Eko Lestari','P','1985-01-01','Jl. Merdeka 67','0813439248','patient55_8a9c@gmail.com'),
(220,'3511062856150090','Eko Kusuma','P','1983-01-01','Jl. Merdeka 54','08249708591','patient62_b3aa@gmail.com'),
(55,'3511067586356498','Dewi Pratama','P','1973-01-01','Jl. Merdeka 59','08249524185','patient71_9aa2@gmail.com'),
(25,'3511094465637465','Joko Sari','P','1973-01-01','Jl. Merdeka 54','08774265132','patient56_4725@gmail.com'),
(29,'3511214192134565','Joko Pratama','P','1992-01-01','Jl. Merdeka 92','08202201205','patient58_41dd@gmail.com'),
(247,'3511276744894105','Budi Setiawan','L','1977-01-01','Jl. Merdeka 100','08409179723','patient89_21f1@gmail.com'),
(251,'3511322272461467','Sri Lestari','L','1991-01-01','Jl. Merdeka 70','08226414355','patient93_67ad@gmail.com'),
(20,'3511337465019393','Joko Lestari','P','1997-01-01','Jl. Merdeka 69','08291660343','patient53_48b9@gmail.com'),
(189,'3511444204356445','Dewi Wijaya','P','1998-01-01','Jl. Merdeka 37','08274191793','patient31_c9b2@gmail.com'),
(93,'3511457361427311','Andi Rahayu','L','1974-01-01','Jl. Merdeka 43','08799312302','patient90_38fe@gmail.com'),
(186,'3511463809795240','Sri Wijaya','P','1996-01-01','Jl. Merdeka 1','08292018081','patient28_bee4@gmail.com'),
(109,'3511649460680292','Joko Santoso','L','1998-01-01','Jl. Merdeka 33','08397407463','patient98_8bd2@gmail.com'),
(212,'3511667882528017','Joko Sari','L','1979-01-01','Jl. Merdeka 66','08474523693','patient54_967a@gmail.com'),
(224,'3511704680248568','Agus Sari','L','2002-01-01','Jl. Merdeka 24','08584534043','patient66_0022@gmail.com'),
(167,'3511757546106088','Siti Rahayu','P','2003-01-01','Jl. Merdeka 25','08983877047','patient9_1a3f@gmail.com'),
(87,'3511763345830184','Rina Wijaya','P','2006-01-01','Jl. Merdeka 88','08908974728','patient87_7a20@gmail.com'),
(8,'3511857717633242','Sri Pratama','L','2002-01-01','Jl. Merdeka 80','08867347208','patient47_aed9@gmail.com'),
(185,'3511859932049356','Siti Lestari','P','2003-01-01','Jl. Merdeka 53','08281576621','patient27_6a10@gmail.com'),
(195,'3511908965275412','Agus Putra','P','2009-01-01','Jl. Merdeka 63','08484404018','patient37_f206@gmail.com'),
(178,'3511921578574366','Dewi Santoso','L','1971-01-01','Jl. Merdeka 77','0863287113','patient20_5b2e@gmail.com'),
(211,'3511973168857193','Lestari Kusuma','L','1978-01-01','Jl. Merdeka 71','08776610141','patient53_a6c0@gmail.com'),
(14,'3512024885625706','Joko Nugroho','P','2007-01-01','Jl. Merdeka 50','08625370176','patient50_6fd3@gmail.com'),
(42,'3512151395678290','Lestari Wijaya','L','1991-01-01','Jl. Merdeka 52','08479433109','patient64_cc3d@gmail.com'),
(182,'3512262930273737','Budi Pratama','L','2008-01-01','Jl. Merdeka 2','0877365790','patient24_8e74@gmail.com'),
(222,'3512329839615407','Joko Santoso','P','1972-01-01','Jl. Merdeka 22','0818555653','patient64_b2ed@gmail.com'),
(162,'3512335457804501','Dewi Kusuma','L','1990-01-01','Jl. Merdeka 2','08292389177','patient4_6d6b@gmail.com'),
(170,'3512344098445248','Andi Rahayu','P','2010-01-01','Jl. Merdeka 52','0860568960','patient12_7690@gmail.com'),
(4,'3512365733933148','Lestari Pratama','L','1992-01-01','Jl. Merdeka 39','08536937398','patient45_daf7@gmail.com'),
(159,'3512403315410177','Joko Rahayu','L','2006-01-01','Jl. Merdeka 39','08303976291','patient1_ce7b@gmail.com'),
(169,'3512451758477305','Rina Setiawan','L','2005-01-01','Jl. Merdeka 59','08456838435','patient11_6a55@gmail.com'),
(27,'3512499434397867','Eko Kusuma','L','2008-01-01','Jl. Merdeka 54','08404569419','patient57_49b3@gmail.com'),
(187,'3512598319777232','Agus Putra','P','1984-01-01','Jl. Merdeka 50','08727600608','patient29_91bf@gmail.com'),
(75,'3512659899415100','Lestari Nugroho','L','1974-01-01','Jl. Merdeka 49','08438455136','patient81_a1ad@gmail.com'),
(240,'3512714260227276','Rina Lestari','P','2009-01-01','Jl. Merdeka 90','08725062365','patient82_9e1c@gmail.com'),
(231,'3512822820603787','Siti Wijaya','L','1970-01-01','Jl. Merdeka 10','08635374468','patient73_49b9@gmail.com'),
(226,'3512837415027519','Agus Rahayu','P','1975-01-01','Jl. Merdeka 65','08297900336','patient68_0e61@gmail.com'),
(81,'3512876975548944','Eko Nugroho','P','1974-01-01','Jl. Merdeka 92','08325431637','patient84_7d41@gmail.com'),
(174,'3513092989821748','Rina Setiawan','P','1980-01-01','Jl. Merdeka 59','08548810747','patient16_8103@gmail.com'),
(238,'3513313462584894','Eko Nugroho','P','1983-01-01','Jl. Merdeka 55','08983130165','patient80_a197@gmail.com'),
(99,'3513476364163035','Eko Wijaya','L','1987-01-01','Jl. Merdeka 31','08822557080','patient93_0f96@gmail.com'),
(10,'3513577745182192','Dewi Santoso','L','1997-01-01','Jl. Merdeka 12','08664965306','patient48_977a@gmail.com'),
(258,'3513592544882899','Dewi Santoso','P','1978-01-01','Jl. Merdeka 37','08607555150','patient100_6538@gmail.com'),
(91,'3513608640737557','Lestari Wijaya','P','1970-01-01','Jl. Merdeka 92','08136063583','patient89_7996@gmail.com'),
(232,'3513747910762685','Eko Sari','L','1991-01-01','Jl. Merdeka 7','08392045549','patient74_498e@gmail.com'),
(183,'3513783460868017','Joko Lestari','L','2002-01-01','Jl. Merdeka 6','08171301416','patient25_7067@gmail.com'),
(12,'3514005423413278','Andi Pratama','P','2003-01-01','Jl. Merdeka 96','08951245220','patient49_84a6@gmail.com'),
(31,'3514031486824006','Andi Pratama','L','1970-01-01','Jl. Merdeka 50','08577298401','patient59_f1c4@gmail.com'),
(180,'3514114850213132','Siti Sari','L','1971-01-01','Jl. Merdeka 43','08184419364','patient22_8dd4@gmail.com'),
(69,'3514115478947877','Agus Kusuma','L','1997-01-01','Jl. Merdeka 53','08552749763','patient78_f290@gmail.com'),
(47,'3514133165928478','Dewi Sari','P','1973-01-01','Jl. Merdeka 42','08430169650','patient67_bd58@gmail.com'),
(252,'3514166508659678','Siti Putra','P','1989-01-01','Jl. Merdeka 80','08321637502','patient94_6910@gmail.com'),
(163,'3514245255114581','Budi Lestari','L','1999-01-01','Jl. Merdeka 24','08166618466','patient5_73cf@gmail.com'),
(168,'3514282544914931','Joko Pratama','P','1974-01-01','Jl. Merdeka 65','08232453823','patient10_6bd3@gmail.com'),
(194,'3514286408920471','Eko Kusuma','L','1997-01-01','Jl. Merdeka 37','08539054485','patient36_f013@gmail.com'),
(254,'3514327585948570','Dewi Kusuma','L','1985-01-01','Jl. Merdeka 56','08398894077','patient96_b331@gmail.com'),
(113,'3514365262115561','Lestari Lestari','P','1984-01-01','Jl. Merdeka 47','08459876163','patient100_6d96@gmail.com'),
(236,'3514498519026198','Eko Santoso','L','1986-01-01','Jl. Merdeka 46','08331796506','patient78_911b@gmail.com'),
(23,'3514509436231920','Siti Santoso','L','2008-01-01','Jl. Merdeka 95','08835117416','patient55_532f@gmail.com'),
(176,'3514573807263948','Rina Sari','P','2010-01-01','Jl. Merdeka 88','08272474603','patient18_e1b4@gmail.com'),
(248,'3514677064189496','Siti Rahayu','P','1986-01-01','Jl. Merdeka 72','08284080920','patient90_30b3@gmail.com'),
(59,'3514722331199748','Agus Nugroho','L','1991-01-01','Jl. Merdeka 98','08180864372','patient73_966b@gmail.com'),
(179,'3514746882663408','Sri Nugroho','P','1980-01-01','Jl. Merdeka 51','08575219109','patient21_735b@gmail.com'),
(188,'3514761194816832','Dewi Putra','L','1974-01-01','Jl. Merdeka 33','08879307490','patient30_daf8@gmail.com'),
(256,'3514766479211418','Siti Santoso','P','1998-01-01','Jl. Merdeka 2','08624231562','patient98_c09b@gmail.com'),
(246,'3514794973341041','Rina Nugroho','L','1982-01-01','Jl. Merdeka 88','08724573662','patient88_e64f@gmail.com'),
(95,'3514807826653893','Dewi Kusuma','P','1996-01-01','Jl. Merdeka 81','08961916939','patient91_2800@gmail.com'),
(216,'3515041464576703','Budi Sari','L','1972-01-01','Jl. Merdeka 83','08118129864','patient58_602d@gmail.com'),
(223,'3515113791310070','Lestari Santoso','P','1974-01-01','Jl. Merdeka 33','08957200605','patient65_c1a7@gmail.com'),
(105,'3515118290260720','Lestari Kusuma','P','1997-01-01','Jl. Merdeka 38','08724205748','patient96_c94e@gmail.com'),
(237,'3515119227497622','Sri Pratama','P','1975-01-01','Jl. Merdeka 23','08913525260','patient79_91ce@gmail.com'),
(243,'3515201381267945','Agus Pratama','L','1997-01-01','Jl. Merdeka 70','08839264839','patient85_07fd@gmail.com'),
(196,'3515218915701353','Rina Wijaya','P','2005-01-01','Jl. Merdeka 29','08347246272','patient38_f816@gmail.com'),
(37,'3515256165752789','Sri Kusuma','P','1987-01-01','Jl. Merdeka 16','08461024947','patient62_dfbe@gmail.com'),
(184,'3515296756144344','Sri Wijaya','L','1978-01-01','Jl. Merdeka 84','0813194784','patient26_53d1@gmail.com'),
(103,'3515371189628752','Sri Wijaya','P','2008-01-01','Jl. Merdeka 38','08278382773','patient95_e58d@gmail.com'),
(53,'3515409227401734','Dewi Nugroho','P','1974-01-01','Jl. Merdeka 100','08464415832','patient70_a841@gmail.com'),
(249,'3515456096415189','Andi Santoso','P','1982-01-01','Jl. Merdeka 14','08986684759','patient91_4b2e@gmail.com'),
(225,'3515457534253011','Rina Nugroho','P','1973-01-01','Jl. Merdeka 90','08886420007','patient67_0cbe@gmail.com'),
(45,'3515512030799484','Lestari Kusuma','L','1987-01-01','Jl. Merdeka 84','08727267369','patient66_d1eb@gmail.com'),
(107,'3515517700618971','Dewi Rahayu','P','2005-01-01','Jl. Merdeka 8','08371185170','patient97_a98c@gmail.com'),
(71,'3515572374177620','Joko Setiawan','L','1976-01-01','Jl. Merdeka 22','08109827222','patient79_d13a@gmail.com'),
(61,'3515631281506856','Lestari Lestari','P','1994-01-01','Jl. Merdeka 36','08218984408','patient74_3754@gmail.com'),
(245,'3515693781032659','Joko Santoso','P','1981-01-01','Jl. Merdeka 41','08282549566','patient87_d146@gmail.com'),
(175,'3515852323549488','Budi Pratama','L','1996-01-01','Jl. Merdeka 24','08460083217','patient17_af35@gmail.com'),
(63,'3515852541363652','Dewi Sari','P','1982-01-01','Jl. Merdeka 5','08874668245','patient75_16ad@gmail.com'),
(164,'3515904572539118','Agus Setiawan','L','1982-01-01','Jl. Merdeka 53','08587741184','patient6_a539@gmail.com'),
(218,'3515968020392126','Siti Putra','L','1995-01-01','Jl. Merdeka 26','08232511618','patient60_8cbf@gmail.com'),
(255,'3516129266601462','Dewi Setiawan','P','1990-01-01','Jl. Merdeka 80','08977212864','patient97_d6a2@gmail.com'),
(79,'3516185856399438','Budi Pratama','P','2006-01-01','Jl. Merdeka 47','0830571273','patient83_9109@gmail.com'),
(200,'3516233472848375','Siti Putra','L','2000-01-01','Jl. Merdeka 2','08148196346','patient42_b619@gmail.com'),
(230,'3516299116359266','Joko Setiawan','L','1994-01-01','Jl. Merdeka 66','08441012596','patient72_1f83@gmail.com'),
(201,'3516336931856730','Lestari Pratama','P','1975-01-01','Jl. Merdeka 46','08386395245','patient43_7003@gmail.com'),
(111,'3516355068162107','Budi Nugroho','P','1995-01-01','Jl. Merdeka 97','08112199782','patient99_741d@gmail.com'),
(214,'3516412309765938','Lestari Rahayu','L','1980-01-01','Jl. Merdeka 6','08146169983','patient56_69e5@gmail.com'),
(215,'3516544564894532','Dewi Wijaya','L','1986-01-01','Jl. Merdeka 66','08963226345','patient57_51cf@gmail.com'),
(173,'3516563860122000','Dewi Wijaya','P','1976-01-01','Jl. Merdeka 63','08357365142','patient15_99d5@gmail.com'),
(44,'3516657237249185','Lestari Kusuma','P','1992-01-01','Jl. Merdeka 84','08912009775','patient65_d318@gmail.com'),
(57,'3516674389328119','Budi Rahayu','P','2007-01-01','Jl. Merdeka 55','08381542658','patient72_9f45@gmail.com'),
(171,'3516732740520741','Andi Rahayu','P','1974-01-01','Jl. Merdeka 15','08162730027','patient13_92b4@gmail.com'),
(219,'3516762696900162','Eko Rahayu','L','1984-01-01','Jl. Merdeka 1','08442298726','patient61_a7b8@gmail.com'),
(257,'3516788511956347','Joko Lestari','P','2003-01-01','Jl. Merdeka 3','0845160444','patient99_ad9d@gmail.com'),
(227,'3516847873323617','Budi Lestari','L','1975-01-01','Jl. Merdeka 74','08602109069','patient69_0b52@gmail.com'),
(241,'3516918522860191','Sri Rahayu','L','1977-01-01','Jl. Merdeka 47','08498888043','patient83_b7ce@gmail.com'),
(208,'3516955033507207','Agus Sari','P','1998-01-01','Jl. Merdeka 74','08269093871','patient50_96ba@gmail.com'),
(2,'3516977769028144','Andi Sari','P','1973-01-01','Jl. Merdeka 64','08834799888','patient44_e2a6@gmail.com'),
(190,'3517069853185789','Budi Nugroho','L','1974-01-01','Jl. Merdeka 68','08532512522','patient32_fb6a@gmail.com'),
(242,'3517155446413242','Dewi Pratama','P','2010-01-01','Jl. Merdeka 4','08840835095','patient84_cd7c@gmail.com'),
(197,'3517221804566383','Andi Lestari','P','1988-01-01','Jl. Merdeka 43','08106992834','patient39_432c@gmail.com'),
(17,'3517232011282471','Siti Santoso','L','1984-01-01','Jl. Merdeka 46','08222623989','patient52_4d63@gmail.com'),
(198,'3517342249121573','Joko Rahayu','L','1999-01-01','Jl. Merdeka 85','08228512363','patient40_7b23@gmail.com'),
(244,'3517387931207962','Lestari Sari','P','1988-01-01','Jl. Merdeka 94','08954842131','patient86_da2c@gmail.com'),
(217,'3517453177694754','Lestari Setiawan','L','1977-01-01','Jl. Merdeka 15','0854001105','patient59_8ef4@gmail.com'),
(210,'3517476869883865','Joko Rahayu','L','2005-01-01','Jl. Merdeka 18','08913145799','patient52_8630@gmail.com'),
(191,'3517533704189414','Dewi Rahayu','P','2000-01-01','Jl. Merdeka 11','0827842269','patient33_ebfe@gmail.com'),
(221,'3517718690376421','Lestari Putra','P','1978-01-01','Jl. Merdeka 18','08766396653','patient63_8ebd@gmail.com'),
(205,'3517747314912029','Agus Setiawan','P','1998-01-01','Jl. Merdeka 31','08607291293','patient47_247c@gmail.com'),
(207,'3517825322769725','Andi Wijaya','P','1987-01-01','Jl. Merdeka 67','08397243394','patient49_51ed@gmail.com'),
(229,'3517853557639817','Eko Putra','L','1994-01-01','Jl. Merdeka 55','08971650770','patient71_032c@gmail.com'),
(51,'3517862611685404','Lestari Wijaya','P','1994-01-01','Jl. Merdeka 97','08649046609','patient69_bae9@gmail.com'),
(181,'3517879716938648','Andi Lestari','L','2008-01-01','Jl. Merdeka 1','08538277656','patient23_81fc@gmail.com'),
(78,'3517914572040224','Budi Lestari','L','1973-01-01','Jl. Merdeka 88','08119173931','patient82_90c0@gmail.com'),
(160,'3518051265058945','Sri Nugroho','P','2003-01-01','Jl. Merdeka 63','08368329490','patient2_0c1d@gmail.com'),
(203,'3518086665690872','Agus Putra','L','1993-01-01','Jl. Merdeka 32','08987551392','patient45_ff80@gmail.com'),
(192,'3518143396948536','Eko Nugroho','L','1996-01-01','Jl. Merdeka 46','08831604870','patient34_f915@gmail.com'),
(199,'3518188047373065','Dewi Santoso','L','1995-01-01','Jl. Merdeka 34','08802169608','patient41_aee6@gmail.com'),
(6,'3518197478884192','Rina Nugroho','P','2006-01-01','Jl. Merdeka 44','08226225221','patient46_c12f@gmail.com'),
(172,'3518221506320965','Agus Lestari','P','1997-01-01','Jl. Merdeka 20','08436521706','patient14_c8d0@gmail.com'),
(16,'3518332657505473','Agus Sari','L','1977-01-01','Jl. Merdeka 69','08331287218','patient51_4d1b@gmail.com'),
(166,'3518343918361843','Andi Rahayu','L','1998-01-01','Jl. Merdeka 81','08743558894','patient8_0e30@gmail.com'),
(250,'3518358700906276','Agus Rahayu','P','1981-01-01','Jl. Merdeka 50','08298220962','patient92_60a3@gmail.com'),
(34,'3518368016443775','Dewi Kusuma','P','2006-01-01','Jl. Merdeka 47','08799228679','patient60_e31a@gmail.com'),
(35,'3518387222577351','Lestari Pratama','L','1981-01-01','Jl. Merdeka 37','08208527426','patient61_e3b9@gmail.com'),
(89,'3518401073982725','Rina Sari','L','2003-01-01','Jl. Merdeka 78','08358965362','patient88_7e39@gmail.com'),
(21,'3518411180562930','Dewi Pratama','L','1997-01-01','Jl. Merdeka 75','08130367238','patient54_5eab@gmail.com'),
(97,'3518514261498049','Sri Rahayu','L','1991-01-01','Jl. Merdeka 26','08593403930','patient92_0e24@gmail.com'),
(204,'3518569915705618','Lestari Setiawan','P','1992-01-01','Jl. Merdeka 20','08708033847','patient46_0db1@gmail.com'),
(234,'3518581266816684','Agus Nugroho','P','1972-01-01','Jl. Merdeka 7','08652954484','patient76_5071@gmail.com'),
(73,'3518613675483802','Siti Rahayu','L','1997-01-01','Jl. Merdeka 84','08836615119','patient80_bd5a@gmail.com'),
(85,'3518707299087016','Andi Santoso','P','1982-01-01','Jl. Merdeka 3','08668600707','patient86_70e6@gmail.com'),
(101,'3518752245918830','Joko Sari','L','1988-01-01','Jl. Merdeka 76','08618280036','patient94_02c0@gmail.com'),
(165,'3518991714230462','Budi Wijaya','L','1993-01-01','Jl. Merdeka 33','08828241988','patient7_d6c5@gmail.com'),
(235,'3519024909216526','Rina Putra','L','2004-01-01','Jl. Merdeka 79','08839379570','patient77_660c@gmail.com'),
(228,'3519036867021817','Sri Setiawan','L','1977-01-01','Jl. Merdeka 87','08167888865','patient70_376b@gmail.com'),
(202,'3519247129017980','Dewi Nugroho','L','1996-01-01','Jl. Merdeka 10','08375744108','patient44_d0f4@gmail.com'),
(233,'3519354996242685','Sri Lestari','P','1984-01-01','Jl. Merdeka 60','08965846896','patient75_6606@gmail.com'),
(161,'3519364437542021','Agus Sari','L','1997-01-01','Jl. Merdeka 96','08995825156','patient3_4a0b@gmail.com'),
(209,'3519391996252934','Budi Pratama','P','1973-01-01','Jl. Merdeka 51','08362496375','patient51_9cf0@gmail.com'),
(39,'3519416651376331','Lestari Kusuma','P','2008-01-01','Jl. Merdeka 54','08512261960','patient63_d210@gmail.com'),
(67,'3519422799628091','Andi Nugroho','P','1992-01-01','Jl. Merdeka 27','0836965631','patient77_0a0e@gmail.com'),
(65,'3519434297834326','Andi Kusuma','L','1977-01-01','Jl. Merdeka 78','08572136532','patient76_10de@gmail.com'),
(253,'3519444399643639','Joko Setiawan','P','1988-01-01','Jl. Merdeka 53','08863119668','patient95_8fcf@gmail.com'),
(206,'3519519938788656','Andi Kusuma','L','1992-01-01','Jl. Merdeka 99','08683251079','patient48_1bb2@gmail.com'),
(177,'3519561469687770','Lestari Setiawan','P','1981-01-01','Jl. Merdeka 73','0832418917','patient19_11b5@gmail.com'),
(49,'3519596986273212','Joko Kusuma','P','1998-01-01','Jl. Merdeka 73','08655777300','patient68_c81c@gmail.com'),
(239,'3519751303643884','Siti Kusuma','L','2010-01-01','Jl. Merdeka 15','08947360605','patient81_9a3f@gmail.com'),
(83,'3519931082917501','Dewi Santoso','P','1976-01-01','Jl. Merdeka 22','0853413671','patient85_695d@gmail.com'),
(193,'3519957510321161','Siti Pratama','L','1971-01-01','Jl. Merdeka 53','08866583871','patient35_13b4@gmail.com');

INSERT INTO jadwal_dokter(id_jadwal,id_dokter,hari,jam_mulai,jam_selesai,kuota,status) values 
(1,1,'Minggu','08:00:00','16:00:00',20,'Tersedia'),
(2,2,'Jumat','08:00:00','16:00:00',20,'Tersedia'),
(3,3,'Rabu','08:00:00','16:00:00',20,'Tersedia'),
(4,4,'Selasa','08:00:00','16:00:00',20,'Tersedia'),
(5,5,'Selasa','08:00:00','16:00:00',20,'Tersedia'),
(6,6,'Rabu','08:00:00','16:00:00',20,'Tersedia'),
(7,7,'Minggu','08:00:00','16:00:00',20,'Tersedia'),
(8,8,'Minggu','08:00:00','16:00:00',20,'Tersedia'),
(9,9,'Rabu','08:00:00','16:00:00',20,'Tersedia'),
(10,10,'Rabu','08:00:00','16:00:00',20,'Tersedia'),
(11,11,'Minggu','08:00:00','16:00:00',20,'Tersedia'),
(12,12,'Sabtu','08:00:00','16:00:00',20,'Tersedia'),
(13,13,'Selasa','08:00:00','16:00:00',20,'Tersedia'),
(14,14,'Minggu','08:00:00','16:00:00',20,'Tersedia'),
(15,15,'Rabu','08:00:00','16:00:00',20,'Tersedia'),
(16,16,'Jumat','08:00:00','16:00:00',20,'Tersedia'),
(17,17,'Rabu','08:00:00','16:00:00',20,'Tersedia'),
(18,18,'Jumat','08:00:00','16:00:00',20,'Tersedia'),
(19,19,'Kamis','08:00:00','16:00:00',20,'Tersedia'),
(20,20,'Senin','08:00:00','16:00:00',20,'Tersedia'),
(21,21,'Jumat','08:00:00','16:00:00',20,'Tersedia'),
(22,22,'Rabu','08:00:00','16:00:00',20,'Tersedia'),
(23,23,'Senin','08:00:00','16:00:00',20,'Tersedia'),
(24,24,'Senin','08:00:00','16:00:00',20,'Tersedia'),
(25,25,'Selasa','08:00:00','16:00:00',20,'Tersedia'),
(26,26,'Kamis','08:00:00','16:00:00',20,'Tersedia'),
(27,27,'Sabtu','08:00:00','16:00:00',20,'Tersedia'),
(28,28,'Sabtu','08:00:00','16:00:00',20,'Tersedia'),
(29,29,'Rabu','08:00:00','16:00:00',20,'Tersedia'),
(30,30,'Sabtu','08:00:00','16:00:00',20,'Tersedia'),
(31,31,'Sabtu','08:00:00','16:00:00',20,'Tersedia'),
(32,32,'Jumat','08:00:00','16:00:00',20,'Tersedia'),
(33,33,'Minggu','08:00:00','16:00:00',20,'Tersedia'),
(34,34,'Jumat','08:00:00','16:00:00',20,'Tersedia'),
(35,35,'Jumat','08:00:00','16:00:00',20,'Tersedia'),
(36,36,'Rabu','08:00:00','16:00:00',20,'Tersedia'),
(37,37,'Rabu','08:00:00','16:00:00',20,'Tersedia'),
(38,38,'Senin','08:00:00','16:00:00',20,'Tersedia'),
(39,39,'Selasa','08:00:00','16:00:00',20,'Tersedia'),
(40,40,'Rabu','08:00:00','16:00:00',20,'Tersedia'),
(41,41,'Jumat','08:00:00','16:00:00',20,'Tersedia'),
(42,42,'Selasa','08:00:00','16:00:00',20,'Tersedia'),
(43,43,'Rabu','08:00:00','16:00:00',20,'Tersedia'),
(44,44,'Kamis','08:00:00','16:00:00',20,'Tersedia'),
(45,45,'Jumat','08:00:00','16:00:00',20,'Tersedia'),
(46,46,'Kamis','08:00:00','16:00:00',20,'Tersedia'),
(47,47,'Rabu','08:00:00','16:00:00',20,'Tersedia'),
(48,48,'Rabu','08:00:00','16:00:00',20,'Tersedia'),
(49,49,'Rabu','08:00:00','16:00:00',20,'Tersedia'),
(50,50,'Minggu','08:00:00','16:00:00',20,'Tersedia'),
(51,51,'Kamis','08:00:00','16:00:00',20,'Tersedia'),
(52,52,'Jumat','08:00:00','16:00:00',20,'Tersedia'),
(53,53,'Minggu','08:00:00','16:00:00',20,'Tersedia'),
(54,54,'Sabtu','08:00:00','16:00:00',20,'Tersedia'),
(55,55,'Selasa','08:00:00','16:00:00',20,'Tersedia'),
(56,56,'Senin','08:00:00','16:00:00',20,'Tersedia'),
(57,57,'Sabtu','08:00:00','16:00:00',20,'Tersedia'),
(58,58,'Minggu','08:00:00','16:00:00',20,'Tersedia'),
(59,59,'Senin','08:00:00','16:00:00',20,'Tersedia'),
(60,60,'Minggu','08:00:00','16:00:00',20,'Tersedia'),
(61,61,'Selasa','08:00:00','16:00:00',20,'Tersedia'),
(62,62,'Minggu','08:00:00','16:00:00',20,'Tersedia'),
(63,63,'Selasa','08:00:00','16:00:00',20,'Tersedia'),
(64,64,'Rabu','08:00:00','16:00:00',20,'Tersedia'),
(65,65,'Minggu','08:00:00','16:00:00',20,'Tersedia'),
(66,66,'Senin','08:00:00','16:00:00',20,'Tersedia'),
(67,67,'Sabtu','08:00:00','16:00:00',20,'Tersedia'),
(68,68,'Sabtu','08:00:00','16:00:00',20,'Tersedia'),
(69,69,'Sabtu','08:00:00','16:00:00',20,'Tersedia'),
(70,70,'Selasa','08:00:00','16:00:00',20,'Tersedia'),
(71,71,'Senin','08:00:00','16:00:00',20,'Tersedia'),
(72,72,'Kamis','08:00:00','16:00:00',20,'Tersedia'),
(73,73,'Rabu','08:00:00','16:00:00',20,'Tersedia'),
(74,74,'Selasa','08:00:00','16:00:00',20,'Tersedia'),
(75,75,'Selasa','08:00:00','16:00:00',20,'Tersedia'),
(76,76,'Minggu','08:00:00','16:00:00',20,'Tersedia'),
(77,77,'Selasa','08:00:00','16:00:00',20,'Tersedia'),
(78,78,'Rabu','08:00:00','16:00:00',20,'Tersedia'),
(79,79,'Minggu','08:00:00','16:00:00',20,'Tersedia'),
(80,80,'Senin','08:00:00','16:00:00',20,'Tersedia'),
(81,81,'Jumat','08:00:00','16:00:00',20,'Tersedia'),
(82,82,'Jumat','08:00:00','16:00:00',20,'Tersedia'),
(83,83,'Jumat','08:00:00','16:00:00',20,'Tersedia'),
(84,84,'Senin','08:00:00','16:00:00',20,'Tersedia'),
(85,85,'Kamis','08:00:00','16:00:00',20,'Tersedia'),
(86,86,'Senin','08:00:00','16:00:00',20,'Tersedia'),
(87,87,'Rabu','08:00:00','16:00:00',20,'Tersedia'),
(88,88,'Sabtu','08:00:00','16:00:00',20,'Tersedia'),
(89,89,'Selasa','08:00:00','16:00:00',20,'Tersedia'),
(90,90,'Minggu','08:00:00','16:00:00',20,'Tersedia'),
(91,91,'Selasa','08:00:00','16:00:00',20,'Tersedia'),
(92,92,'Rabu','08:00:00','16:00:00',20,'Tersedia'),
(93,93,'Selasa','08:00:00','16:00:00',20,'Tersedia'),
(94,94,'Senin','08:00:00','16:00:00',20,'Tersedia'),
(95,95,'Kamis','08:00:00','16:00:00',20,'Tersedia'),
(96,96,'Senin','08:00:00','16:00:00',20,'Tersedia'),
(97,97,'Kamis','08:00:00','16:00:00',20,'Tersedia'),
(98,98,'Senin','08:00:00','16:00:00',20,'Tersedia'),
(99,99,'Senin','08:00:00','16:00:00',20,'Tersedia'),
(100,100,'Jumat','08:00:00','16:00:00',20,'Tersedia');

INSERT INTO reservasi(id_reservasi,nik,id_jadwal,tanggal_kunjungan,keluhan,no_antrian,status,created_at) values 
(1,'3519751303643884',89,'2025-05-06','Nyeri pada persendian',7,'Selesai','2026-04-19 07:46:10'),
(2,'3515041464576703',87,'2025-11-21','Pemeriksaan rutin kehamilan',1,'Selesai','2026-04-19 07:46:10'),
(3,'3519957510321161',4,'2026-02-19','Nyeri pada persendian',12,'Selesai','2026-04-19 07:46:10'),
(4,'3515852323549488',11,'2025-05-29','Nyeri pada persendian',1,'Selesai','2026-04-19 07:46:10'),
(5,'3516233472848375',50,'2025-10-17','Kelelahan',11,'Selesai','2026-04-19 07:46:10'),
(6,'3514365262115561',94,'2026-02-12','Asam lambung',14,'Selesai','2026-04-19 07:46:10'),
(7,'3515256165752789',91,'2025-12-05','Demam dan batuk',8,'Selesai','2026-04-19 07:46:10'),
(8,'3516563860122000',77,'2026-02-27','Mata merah',3,'Selesai','2026-04-19 07:46:10'),
(9,'3512151395678290',78,'2025-12-24','Nyeri pada persendian',12,'Selesai','2026-04-19 07:46:10'),
(10,'3517533704189414',89,'2026-02-04','Sakit gigi kiri bawah',14,'Selesai','2026-04-19 07:46:10'),
(11,'3516412309765938',88,'2025-11-09','Pemeriksaan rutin kehamilan',12,'Selesai','2026-04-19 07:46:10'),
(12,'3517825322769725',2,'2025-09-20','Demam dan batuk',16,'Selesai','2026-04-19 07:46:10'),
(13,'3514722331199748',86,'2025-06-14','Nyeri pada persendian',19,'Selesai','2026-04-19 07:46:10'),
(14,'3518358700906276',23,'2025-05-28','Kelelahan',12,'Selesai','2026-04-19 07:46:10'),
(15,'3516412309765938',57,'2026-03-22','Sakit gigi kiri bawah',20,'Selesai','2026-04-19 07:46:11'),
(16,'3518707299087016',9,'2025-06-04','Asam lambung',19,'Selesai','2026-04-19 07:46:11'),
(17,'3516336931856730',17,'2025-09-22','Pemeriksaan rutin kehamilan',19,'Selesai','2026-04-19 07:46:11'),
(18,'3519416651376331',39,'2026-02-16','Pemeriksaan rutin kehamilan',10,'Selesai','2026-04-19 07:46:11'),
(19,'3516412309765938',91,'2025-09-19','Sakit gigi kiri bawah',18,'Selesai','2026-04-19 07:46:11'),
(20,'3511062856150090',2,'2026-02-03','Demam dan batuk',17,'Selesai','2026-04-19 07:46:11'),
(21,'3515457534253011',48,'2025-01-19','Pemeriksaan rutin kehamilan',18,'Selesai','2026-04-19 07:46:11'),
(22,'3512344098445248',28,'2025-08-10','Sakit gigi kiri bawah',7,'Selesai','2026-04-19 07:46:11'),
(23,'3517853557639817',71,'2025-04-05','Sakit kepala kronis',14,'Selesai','2026-04-19 07:46:11'),
(24,'3519957510321161',14,'2025-05-12','Asam lambung',6,'Selesai','2026-04-19 07:46:11'),
(25,'3518387222577351',85,'2026-01-22','Pemeriksaan rutin kehamilan',19,'Selesai','2026-04-19 07:46:11'),
(26,'3514286408920471',26,'2026-01-10','Pemeriksaan rutin kehamilan',19,'Selesai','2026-04-19 07:46:11'),
(27,'3517387931207962',3,'2025-08-20','Nyeri pada persendian',2,'Selesai','2026-04-19 07:46:11'),
(28,'3515218915701353',13,'2025-11-06','Asam lambung',1,'Selesai','2026-04-19 07:46:11'),
(29,'3517914572040224',33,'2026-01-29','Asam lambung',15,'Selesai','2026-04-19 07:46:11'),
(30,'3518569915705618',69,'2025-05-24','Asam lambung',15,'Selesai','2026-04-19 07:46:11'),
(31,'3512659899415100',46,'2025-08-31','Sakit gigi kiri bawah',15,'Selesai','2026-04-19 07:46:11'),
(32,'3518332657505473',2,'2026-01-27','Asam lambung',6,'Selesai','2026-04-19 07:46:11'),
(33,'3512499434397867',83,'2025-04-29','Demam dan batuk',10,'Selesai','2026-04-19 07:46:11'),
(34,'3517914572040224',60,'2025-09-21','Mata merah',4,'Selesai','2026-04-19 07:46:11'),
(35,'3519354996242685',77,'2025-03-01','Sakit gigi kiri bawah',9,'Selesai','2026-04-19 07:46:11'),
(36,'3511337465019393',3,'2025-03-15','Sakit gigi kiri bawah',11,'Selesai','2026-04-19 07:46:11'),
(37,'3518991714230462',73,'2025-01-09','Sakit gigi kiri bawah',15,'Selesai','2026-04-19 07:46:11'),
(38,'3511857717633242',18,'2026-01-03','Demam dan batuk',13,'Selesai','2026-04-19 07:46:11'),
(39,'3518613675483802',72,'2025-08-16','Mata merah',12,'Selesai','2026-04-19 07:46:11'),
(40,'3516336931856730',6,'2025-12-14','Kelelahan',17,'Selesai','2026-04-19 07:46:11'),
(41,'3515041464576703',43,'2026-04-15','Asam lambung',4,'Selesai','2026-04-19 07:46:11'),
(42,'3518143396948536',96,'2025-09-29','Asam lambung',15,'Selesai','2026-04-19 07:46:11'),
(43,'3516674389328119',15,'2025-11-02','Pemeriksaan rutin kehamilan',9,'Selesai','2026-04-19 07:46:11'),
(44,'3514327585948570',26,'2025-11-27','Kelelahan',13,'Selesai','2026-04-19 07:46:11'),
(45,'3512822820603787',20,'2026-01-05','Pemeriksaan rutin kehamilan',15,'Selesai','2026-04-19 07:46:11'),
(46,'3512403315410177',21,'2026-02-22','Pemeriksaan rutin kehamilan',17,'Selesai','2026-04-19 07:46:11'),
(47,'3514166508659678',79,'2025-03-25','Sakit gigi kiri bawah',20,'Selesai','2026-04-19 07:46:11'),
(48,'3512403315410177',32,'2025-06-15','Nyeri pada persendian',5,'Selesai','2026-04-19 07:46:11'),
(49,'3515572374177620',60,'2025-03-27','Sakit kepala kronis',7,'Selesai','2026-04-19 07:46:11'),
(50,'3518358700906276',36,'2025-05-04','Mata merah',1,'Selesai','2026-04-19 07:46:11'),
(51,'3514166508659678',79,'2025-10-26','Sakit kepala kronis',12,'Selesai','2026-04-19 07:46:11'),
(52,'3514509436231920',61,'2025-01-05','Mata merah',18,'Selesai','2026-04-19 07:46:11'),
(53,'3519036867021817',44,'2026-02-02','Sakit gigi kiri bawah',20,'Selesai','2026-04-19 07:46:11'),
(54,'3517453177694754',67,'2025-10-23','Pemeriksaan rutin kehamilan',3,'Selesai','2026-04-19 07:46:11'),
(55,'3512499434397867',41,'2025-04-09','Pemeriksaan rutin kehamilan',7,'Selesai','2026-04-19 07:46:11'),
(56,'3512837415027519',60,'2025-02-02','Sakit kepala kronis',6,'Selesai','2026-04-19 07:46:11'),
(57,'3513747910762685',73,'2025-09-08','Nyeri pada persendian',4,'Selesai','2026-04-19 07:46:11'),
(58,'3511337465019393',54,'2025-08-23','Sakit kepala kronis',13,'Selesai','2026-04-19 07:46:11'),
(59,'3512329839615407',88,'2025-05-10','Sakit gigi kiri bawah',5,'Selesai','2026-04-19 07:46:11'),
(60,'3512365733933148',87,'2025-04-18','Mata merah',8,'Selesai','2026-04-19 07:46:11'),
(61,'3519444399643639',76,'2025-12-21','Asam lambung',14,'Selesai','2026-04-19 07:46:11'),
(62,'3514794973341041',80,'2025-11-17','Kelelahan',8,'Selesai','2026-04-19 07:46:11'),
(63,'3514766479211418',26,'2026-03-27','Asam lambung',2,'Selesai','2026-04-19 07:46:11'),
(64,'3519561469687770',11,'2026-02-02','Mata merah',8,'Selesai','2026-04-19 07:46:11'),
(65,'3511667882528017',31,'2026-02-02','Sakit kepala kronis',10,'Selesai','2026-04-19 07:46:11'),
(66,'3511214192134565',89,'2025-04-05','Mata merah',7,'Selesai','2026-04-19 07:46:11'),
(67,'3518086665690872',80,'2025-12-05','Mata merah',15,'Selesai','2026-04-19 07:46:11'),
(68,'3517221804566383',36,'2025-12-27','Demam dan batuk',10,'Selesai','2026-04-19 07:46:11'),
(69,'3512403315410177',79,'2025-05-27','Asam lambung',7,'Selesai','2026-04-19 07:46:11'),
(70,'3515409227401734',13,'2025-11-07','Demam dan batuk',13,'Selesai','2026-04-19 07:46:11'),
(71,'3519416651376331',11,'2025-02-22','Nyeri pada persendian',20,'Selesai','2026-04-19 07:46:11'),
(72,'3514282544914931',64,'2025-02-07','Demam dan batuk',19,'Selesai','2026-04-19 07:46:11'),
(73,'3512876975548944',80,'2026-02-07','Asam lambung',5,'Selesai','2026-04-19 07:46:11'),
(74,'3511704680248568',94,'2026-03-13','Mata merah',12,'Selesai','2026-04-19 07:46:11'),
(75,'3515968020392126',82,'2026-01-01','Sakit kepala kronis',17,'Selesai','2026-04-19 07:46:11'),
(76,'3517453177694754',72,'2025-02-20','Kelelahan',19,'Selesai','2026-04-19 07:46:11'),
(77,'3515572374177620',14,'2026-01-11','Nyeri pada persendian',17,'Selesai','2026-04-19 07:46:11'),
(78,'3511444204356445',38,'2026-02-07','Pemeriksaan rutin kehamilan',18,'Selesai','2026-04-19 07:46:11'),
(79,'3513577745182192',22,'2025-05-23','Demam dan batuk',10,'Selesai','2026-04-19 07:46:11'),
(80,'3516788511956347',50,'2025-09-07','Mata merah',18,'Selesai','2026-04-19 07:46:11'),
(81,'3519024909216526',17,'2026-04-13','Sakit gigi kiri bawah',13,'Selesai','2026-04-19 07:46:11'),
(82,'3518188047373065',11,'2025-08-21','Asam lambung',6,'Selesai','2026-04-19 07:46:11'),
(83,'3515409227401734',1,'2025-05-10','Sakit kepala kronis',6,'Selesai','2026-04-19 07:46:11'),
(84,'3514005423413278',13,'2025-04-21','Sakit gigi kiri bawah',10,'Selesai','2026-04-19 07:46:11'),
(85,'3515517700618971',80,'2025-08-06','Asam lambung',8,'Selesai','2026-04-19 07:46:11'),
(86,'3519422799628091',93,'2025-03-19','Demam dan batuk',3,'Selesai','2026-04-19 07:46:11'),
(87,'3516129266601462',95,'2025-12-18','Mata merah',2,'Selesai','2026-04-19 07:46:11'),
(88,'3514365262115561',19,'2025-09-13','Pemeriksaan rutin kehamilan',18,'Selesai','2026-04-19 07:46:11'),
(89,'3511457361427311',45,'2025-02-27','Sakit kepala kronis',4,'Selesai','2026-04-19 07:46:11'),
(90,'3518581266816684',81,'2025-12-29','Nyeri pada persendian',10,'Selesai','2026-04-19 07:46:11'),
(91,'3519036867021817',68,'2025-11-20','Mata merah',10,'Selesai','2026-04-19 07:46:11'),
(92,'3518569915705618',3,'2025-02-13','Kelelahan',14,'Selesai','2026-04-19 07:46:11'),
(93,'3512598319777232',28,'2025-04-08','Nyeri pada persendian',11,'Selesai','2026-04-19 07:46:11'),
(94,'3514286408920471',55,'2025-01-10','Pemeriksaan rutin kehamilan',14,'Selesai','2026-04-19 07:46:11'),
(95,'3515572374177620',94,'2025-06-08','Mata merah',8,'Selesai','2026-04-19 07:46:11'),
(96,'3513608640737557',33,'2026-02-14','Mata merah',12,'Selesai','2026-04-19 07:46:11'),
(97,'3517387931207962',73,'2026-03-16','Kelelahan',15,'Selesai','2026-04-19 07:46:11'),
(98,'3514166508659678',84,'2025-02-25','Mata merah',3,'Selesai','2026-04-19 07:46:11'),
(99,'3518188047373065',90,'2025-03-08','Sakit gigi kiri bawah',10,'Selesai','2026-04-19 07:46:11'),
(100,'3517853557639817',54,'2025-04-16','Pemeriksaan rutin kehamilan',9,'Selesai','2026-04-19 07:46:11'),
(101,'3511457361427311',87,'2026-04-04','Kelelahan',11,'Selesai','2026-04-19 07:46:11'),
(102,'3515256165752789',55,'2025-11-04','Mata merah',9,'Selesai','2026-04-19 07:46:11'),
(103,'3512365733933148',14,'2025-10-09','Nyeri pada persendian',18,'Selesai','2026-04-19 07:46:11'),
(104,'3512822820603787',9,'2025-11-05','Mata merah',14,'Selesai','2026-04-19 07:46:11'),
(105,'3514115478947877',62,'2025-01-05','Sakit gigi kiri bawah',7,'Selesai','2026-04-19 07:46:11'),
(106,'3516412309765938',73,'2025-08-26','Mata merah',16,'Selesai','2026-04-19 07:46:11'),
(107,'3516657237249185',7,'2025-03-11','Sakit kepala kronis',13,'Selesai','2026-04-19 07:46:11'),
(108,'3519416651376331',84,'2025-03-14','Pemeriksaan rutin kehamilan',9,'Selesai','2026-04-19 07:46:11'),
(109,'3511062856150090',98,'2026-02-21','Kelelahan',14,'Selesai','2026-04-19 07:46:11'),
(110,'3519416651376331',71,'2026-03-05','Sakit kepala kronis',1,'Selesai','2026-04-19 07:46:11'),
(111,'3513313462584894',46,'2025-03-31','Sakit kepala kronis',14,'Selesai','2026-04-19 07:46:11'),
(112,'3515852541363652',25,'2025-11-03','Asam lambung',1,'Selesai','2026-04-19 07:46:11'),
(113,'3517232011282471',8,'2026-01-11','Asam lambung',4,'Selesai','2026-04-19 07:46:11'),
(114,'3518707299087016',38,'2025-09-03','Pemeriksaan rutin kehamilan',5,'Selesai','2026-04-19 07:46:11'),
(115,'3513747910762685',49,'2025-02-26','Sakit kepala kronis',11,'Selesai','2026-04-19 07:46:11'),
(116,'3511973168857193',44,'2026-02-16','Sakit gigi kiri bawah',5,'Selesai','2026-04-19 07:46:11'),
(117,'3512714260227276',3,'2025-10-03','Mata merah',19,'Selesai','2026-04-19 07:46:11'),
(118,'3517232011282471',90,'2025-10-28','Mata merah',2,'Selesai','2026-04-19 07:46:11'),
(119,'3512365733933148',93,'2025-01-08','Sakit kepala kronis',7,'Selesai','2026-04-19 07:46:11'),
(120,'3517476869883865',96,'2025-10-23','Sakit gigi kiri bawah',13,'Selesai','2026-04-19 07:46:11'),
(121,'3515119227497622',97,'2025-11-18','Sakit gigi kiri bawah',18,'Selesai','2026-04-19 07:46:11'),
(122,'3514509436231920',35,'2026-01-04','Asam lambung',7,'Selesai','2026-04-19 07:46:11'),
(123,'3514166508659678',63,'2025-01-03','Nyeri pada persendian',1,'Selesai','2026-04-19 07:46:11'),
(124,'3519024909216526',16,'2025-08-18','Sakit kepala kronis',4,'Selesai','2026-04-19 07:46:11'),
(125,'3515693781032659',26,'2026-04-05','Mata merah',18,'Selesai','2026-04-19 07:46:11'),
(126,'3511649460680292',81,'2025-12-13','Sakit kepala kronis',3,'Selesai','2026-04-19 07:46:11'),
(127,'3518707299087016',34,'2025-11-04','Kelelahan',17,'Selesai','2026-04-19 07:46:11'),
(128,'3515968020392126',41,'2026-03-10','Nyeri pada persendian',17,'Selesai','2026-04-19 07:46:11'),
(129,'3517453177694754',11,'2025-12-06','Mata merah',17,'Selesai','2026-04-19 07:46:11'),
(130,'3516977769028144',50,'2025-12-29','Asam lambung',15,'Selesai','2026-04-19 07:46:11'),
(131,'3516955033507207',93,'2025-10-19','Demam dan batuk',8,'Selesai','2026-04-19 07:46:11'),
(132,'3512262930273737',55,'2025-04-29','Demam dan batuk',14,'Selesai','2026-04-19 07:46:11'),
(133,'3519957510321161',63,'2025-05-31','Mata merah',12,'Selesai','2026-04-19 07:46:11'),
(134,'3516563860122000',12,'2025-06-14','Mata merah',20,'Selesai','2026-04-19 07:46:11'),
(135,'3511973168857193',92,'2025-12-29','Demam dan batuk',9,'Selesai','2026-04-19 07:46:11'),
(136,'3511214192134565',31,'2026-02-13','Asam lambung',8,'Selesai','2026-04-19 07:46:11'),
(137,'3516563860122000',62,'2026-03-22','Mata merah',5,'Selesai','2026-04-19 07:46:11'),
(138,'3511457361427311',19,'2025-10-11','Asam lambung',8,'Selesai','2026-04-19 07:46:11'),
(139,'3517862611685404',16,'2026-03-03','Mata merah',15,'Selesai','2026-04-19 07:46:11'),
(140,'3519422799628091',58,'2025-09-27','Demam dan batuk',3,'Selesai','2026-04-19 07:46:11'),
(141,'3519024909216526',77,'2025-04-23','Nyeri pada persendian',15,'Selesai','2026-04-19 07:46:11'),
(142,'3513092989821748',52,'2026-04-13','Asam lambung',2,'Selesai','2026-04-19 07:46:11'),
(143,'3514245255114581',35,'2025-12-28','Nyeri pada persendian',16,'Selesai','2026-04-19 07:46:11'),
(144,'3516955033507207',6,'2025-03-15','Mata merah',4,'Selesai','2026-04-19 07:46:11'),
(145,'3514746882663408',9,'2025-06-30','Mata merah',5,'Selesai','2026-04-19 07:46:11'),
(146,'3517453177694754',1,'2025-01-01','Pemeriksaan rutin kehamilan',6,'Selesai','2026-04-19 07:46:11'),
(147,'3517718690376421',31,'2025-06-14','Sakit kepala kronis',12,'Selesai','2026-04-19 07:46:11'),
(148,'3515904572539118',46,'2025-07-16','Pemeriksaan rutin kehamilan',19,'Selesai','2026-04-19 07:46:11'),
(149,'3515201381267945',34,'2026-02-27','Sakit gigi kiri bawah',5,'Selesai','2026-04-19 07:46:11'),
(150,'3512659899415100',70,'2025-11-10','Sakit gigi kiri bawah',18,'Selesai','2026-04-19 07:46:11'),
(151,'3516412309765938',55,'2025-07-28','Sakit kepala kronis',8,'Selesai','2026-04-19 07:46:11'),
(152,'3517862611685404',45,'2025-03-05','Asam lambung',10,'Selesai','2026-04-19 07:46:11'),
(153,'3515371189628752',13,'2025-05-14','Nyeri pada persendian',3,'Selesai','2026-04-19 07:46:11'),
(154,'3512598319777232',55,'2025-03-25','Kelelahan',17,'Selesai','2026-04-19 07:46:11'),
(155,'3511667882528017',17,'2026-01-17','Sakit kepala kronis',9,'Selesai','2026-04-19 07:46:11'),
(156,'3512344098445248',98,'2025-08-21','Pemeriksaan rutin kehamilan',14,'Selesai','2026-04-19 07:46:11'),
(157,'3514115478947877',63,'2025-08-26','Nyeri pada persendian',2,'Selesai','2026-04-19 07:46:11'),
(158,'3512024885625706',53,'2025-05-25','Mata merah',16,'Selesai','2026-04-19 07:46:11'),
(159,'3515968020392126',65,'2026-01-24','Kelelahan',19,'Selesai','2026-04-19 07:46:11'),
(160,'3513608640737557',77,'2026-04-02','Nyeri pada persendian',16,'Selesai','2026-04-19 07:46:11'),
(161,'3515904572539118',98,'2025-12-31','Pemeriksaan rutin kehamilan',2,'Selesai','2026-04-19 07:46:11'),
(162,'3514327585948570',53,'2025-12-03','Sakit gigi kiri bawah',1,'Selesai','2026-04-19 07:46:11'),
(163,'3513783460868017',54,'2025-12-10','Nyeri pada persendian',2,'Selesai','2026-04-19 07:46:11'),
(164,'3516233472848375',1,'2025-12-02','Asam lambung',4,'Selesai','2026-04-19 07:46:11'),
(165,'3512151395678290',79,'2025-01-01','Sakit kepala kronis',18,'Selesai','2026-04-19 07:46:11'),
(166,'3519444399643639',36,'2026-03-27','Sakit kepala kronis',10,'Selesai','2026-04-19 07:46:11'),
(167,'3513608640737557',13,'2025-08-19','Pemeriksaan rutin kehamilan',6,'Selesai','2026-04-19 07:46:11'),
(168,'3517155446413242',23,'2025-07-11','Asam lambung',8,'Selesai','2026-04-19 07:46:11'),
(169,'3515852323549488',40,'2025-02-18','Sakit gigi kiri bawah',3,'Selesai','2026-04-19 07:46:11'),
(170,'3514722331199748',61,'2025-09-17','Demam dan batuk',11,'Selesai','2026-04-19 07:46:11'),
(171,'3515457534253011',93,'2026-03-17','Pemeriksaan rutin kehamilan',6,'Selesai','2026-04-19 07:46:11'),
(172,'3516185856399438',5,'2026-03-03','Asam lambung',9,'Selesai','2026-04-19 07:46:11'),
(173,'3518332657505473',7,'2025-08-27','Demam dan batuk',15,'Selesai','2026-04-19 07:46:11'),
(174,'3515296756144344',15,'2025-11-10','Mata merah',8,'Selesai','2026-04-19 07:46:11'),
(175,'3511857717633242',65,'2025-12-24','Kelelahan',15,'Selesai','2026-04-19 07:46:11'),
(176,'3519391996252934',67,'2025-12-07','Pemeriksaan rutin kehamilan',5,'Selesai','2026-04-19 07:46:11'),
(177,'3511062856150090',50,'2025-08-27','Mata merah',7,'Selesai','2026-04-19 07:46:11'),
(178,'3517232011282471',4,'2025-09-03','Pemeriksaan rutin kehamilan',19,'Selesai','2026-04-19 07:46:11'),
(179,'3516336931856730',12,'2026-02-20','Demam dan batuk',2,'Selesai','2026-04-19 07:46:11'),
(180,'3514286408920471',96,'2025-06-06','Mata merah',20,'Selesai','2026-04-19 07:46:11'),
(181,'3514807826653893',41,'2025-04-15','Nyeri pada persendian',20,'Selesai','2026-04-19 07:46:11'),
(182,'3516412309765938',51,'2025-12-11','Nyeri pada persendian',15,'Selesai','2026-04-19 07:46:11'),
(183,'3519247129017980',51,'2025-10-21','Pemeriksaan rutin kehamilan',7,'Selesai','2026-04-19 07:46:11'),
(184,'3515968020392126',10,'2025-11-24','Kelelahan',16,'Selesai','2026-04-19 07:46:11'),
(185,'3516732740520741',66,'2025-01-27','Asam lambung',17,'Selesai','2026-04-19 07:46:11'),
(186,'3516544564894532',7,'2025-09-27','Kelelahan',12,'Selesai','2026-04-19 07:46:11'),
(187,'3515457534253011',21,'2025-04-18','Sakit gigi kiri bawah',4,'Selesai','2026-04-19 07:46:12'),
(188,'3511649460680292',29,'2026-01-08','Pemeriksaan rutin kehamilan',12,'Selesai','2026-04-19 07:46:12'),
(189,'3518991714230462',90,'2025-01-08','Sakit kepala kronis',2,'Selesai','2026-04-19 07:46:12'),
(190,'3511067586356498',1,'2025-08-30','Demam dan batuk',6,'Selesai','2026-04-19 07:46:12'),
(191,'3517825322769725',89,'2025-03-05','Pemeriksaan rutin kehamilan',3,'Selesai','2026-04-19 07:46:12'),
(192,'3511444204356445',26,'2026-01-03','Nyeri pada persendian',6,'Selesai','2026-04-19 07:46:12'),
(193,'3515517700618971',30,'2025-11-17','Nyeri pada persendian',9,'Selesai','2026-04-19 07:46:12'),
(194,'3514794973341041',45,'2025-12-15','Asam lambung',3,'Selesai','2026-04-19 07:46:12'),
(195,'3514286408920471',57,'2025-02-07','Sakit kepala kronis',7,'Selesai','2026-04-19 07:46:12'),
(196,'3516732740520741',38,'2025-05-04','Demam dan batuk',12,'Selesai','2026-04-19 07:46:12'),
(197,'3512598319777232',32,'2025-03-05','Pemeriksaan rutin kehamilan',11,'Selesai','2026-04-19 07:46:12'),
(198,'3511757546106088',9,'2025-12-04','Pemeriksaan rutin kehamilan',3,'Selesai','2026-04-19 07:46:12'),
(199,'3517476869883865',35,'2025-05-24','Mata merah',4,'Selesai','2026-04-19 07:46:12'),
(200,'3514766479211418',3,'2025-04-02','Demam dan batuk',15,'Selesai','2026-04-19 07:46:12'),
(201,'3512451758477305',65,'2025-08-27','Demam dan batuk',12,'Selesai','2026-04-19 07:46:12'),
(202,'3512659899415100',44,'2025-06-18','Kelelahan',20,'Selesai','2026-04-19 07:46:12'),
(203,'3516847873323617',52,'2025-04-29','Nyeri pada persendian',13,'Selesai','2026-04-19 07:46:12'),
(204,'3519561469687770',20,'2025-06-02','Mata merah',2,'Selesai','2026-04-19 07:46:12'),
(205,'3511027664252234',1,'2025-11-07','Sakit gigi kiri bawah',16,'Selesai','2026-04-19 07:46:12'),
(206,'3516563860122000',18,'2025-10-25','Demam dan batuk',5,'Selesai','2026-04-19 07:46:12'),
(207,'3513476364163035',3,'2025-07-30','Kelelahan',8,'Selesai','2026-04-19 07:46:12'),
(208,'3511027664252234',41,'2025-09-05','Nyeri pada persendian',13,'Selesai','2026-04-19 07:46:12'),
(209,'3516955033507207',45,'2026-02-16','Demam dan batuk',18,'Selesai','2026-04-19 07:46:12'),
(210,'3512837415027519',47,'2025-11-12','Nyeri pada persendian',17,'Selesai','2026-04-19 07:46:12'),
(211,'3518197478884192',48,'2025-09-14','Asam lambung',5,'Selesai','2026-04-19 07:46:12'),
(212,'3512822820603787',3,'2025-03-25','Kelelahan',11,'Selesai','2026-04-19 07:46:12'),
(213,'3517825322769725',62,'2025-03-09','Asam lambung',2,'Selesai','2026-04-19 07:46:12'),
(214,'3512335457804501',80,'2025-09-19','Kelelahan',5,'Selesai','2026-04-19 07:46:12'),
(215,'3518086665690872',61,'2025-09-17','Kelelahan',14,'Selesai','2026-04-19 07:46:12'),
(216,'3517825322769725',53,'2025-01-09','Nyeri pada persendian',9,'Selesai','2026-04-19 07:46:12'),
(217,'3513313462584894',61,'2025-01-24','Sakit gigi kiri bawah',18,'Selesai','2026-04-19 07:46:12'),
(218,'3518411180562930',81,'2025-01-22','Nyeri pada persendian',20,'Selesai','2026-04-19 07:46:12'),
(219,'3516544564894532',46,'2025-10-16','Sakit kepala kronis',8,'Selesai','2026-04-19 07:46:12'),
(220,'3518368016443775',39,'2025-08-28','Kelelahan',4,'Selesai','2026-04-19 07:46:12'),
(221,'3515852323549488',55,'2025-08-08','Sakit gigi kiri bawah',14,'Selesai','2026-04-19 07:46:12'),
(222,'3516847873323617',66,'2026-02-11','Kelelahan',9,'Selesai','2026-04-19 07:46:12'),
(223,'3515852541363652',33,'2025-07-11','Sakit kepala kronis',4,'Selesai','2026-04-19 07:46:12'),
(224,'3516918522860191',62,'2026-04-16','Asam lambung',9,'Selesai','2026-04-19 07:46:12'),
(225,'3514005423413278',38,'2025-09-19','Kelelahan',19,'Selesai','2026-04-19 07:46:12'),
(226,'3514133165928478',80,'2026-01-22','Asam lambung',6,'Selesai','2026-04-19 07:46:12'),
(227,'3517069853185789',74,'2025-03-03','Sakit gigi kiri bawah',11,'Selesai','2026-04-19 07:46:12'),
(228,'3516955033507207',73,'2025-04-07','Pemeriksaan rutin kehamilan',17,'Selesai','2026-04-19 07:46:12'),
(229,'3518401073982725',50,'2025-03-24','Pemeriksaan rutin kehamilan',18,'Selesai','2026-04-19 07:46:12'),
(230,'3511062856150090',14,'2026-04-04','Nyeri pada persendian',19,'Selesai','2026-04-19 07:46:12'),
(231,'3515572374177620',33,'2025-03-01','Demam dan batuk',18,'Selesai','2026-04-19 07:46:12'),
(232,'3515852323549488',1,'2025-03-09','Sakit gigi kiri bawah',16,'Selesai','2026-04-19 07:46:12'),
(233,'3516657237249185',5,'2025-11-18','Asam lambung',17,'Selesai','2026-04-19 07:46:12'),
(234,'3516233472848375',26,'2026-04-18','Mata merah',18,'Selesai','2026-04-19 07:46:12'),
(235,'3517533704189414',27,'2025-03-09','Demam dan batuk',16,'Selesai','2026-04-19 07:46:12'),
(236,'3512329839615407',52,'2025-07-21','Asam lambung',2,'Selesai','2026-04-19 07:46:12'),
(237,'3516977769028144',13,'2025-07-11','Sakit gigi kiri bawah',7,'Selesai','2026-04-19 07:46:12'),
(238,'3515693781032659',25,'2026-01-24','Sakit kepala kronis',8,'Selesai','2026-04-19 07:46:12'),
(239,'3516336931856730',17,'2026-04-13','Sakit gigi kiri bawah',17,'Selesai','2026-04-19 07:46:12'),
(240,'3513577745182192',96,'2026-04-17','Nyeri pada persendian',20,'Selesai','2026-04-19 07:46:12'),
(241,'3517221804566383',68,'2026-02-12','Mata merah',4,'Selesai','2026-04-19 07:46:12'),
(242,'3515852323549488',27,'2025-11-04','Kelelahan',7,'Selesai','2026-04-19 07:46:12'),
(243,'3516788511956347',98,'2026-01-26','Sakit gigi kiri bawah',2,'Selesai','2026-04-19 07:46:12'),
(244,'3518581266816684',60,'2026-03-15','Nyeri pada persendian',19,'Selesai','2026-04-19 07:46:12'),
(245,'3514761194816832',34,'2025-09-05','Mata merah',4,'Selesai','2026-04-19 07:46:12'),
(246,'3519364437542021',53,'2025-08-20','Sakit gigi kiri bawah',11,'Selesai','2026-04-19 07:46:12'),
(247,'3519596986273212',9,'2025-03-29','Kelelahan',17,'Selesai','2026-04-19 07:46:12'),
(248,'3515409227401734',96,'2025-09-06','Nyeri pada persendian',20,'Selesai','2026-04-19 07:46:12'),
(249,'3518387222577351',88,'2026-01-08','Demam dan batuk',7,'Selesai','2026-04-19 07:46:12'),
(250,'3516185856399438',18,'2026-03-17','Sakit gigi kiri bawah',5,'Selesai','2026-04-19 07:46:12'),
(251,'3511027664252234',94,'2026-04-20','sakit panas',1,'Selesai','2026-04-19 08:00:58'),
(252,'3511027664252234',94,'2026-05-04','sakit demam',1,'Selesai','2026-04-27 09:47:19'),
(253,'3511062856150090',94,'2026-05-04','demam',2,'Selesai','2026-04-27 09:48:12');

INSERT INTO hasil_pemeriksaan(id_hasil,id_reservasi,tekanan_darah,suhu_badan,berat_badan,diagnosa,alergi_obat,resep_obat,tindakan,catatan_dokter) values 
(1,1,'120/80','36.5','60','Radang ringan','Tidak ada','Paracetamol 3x1','Pemeriksaan standar','Istirahat yang cukup'),
(2,2,'120/80','36.5','60','Radang ringan','Tidak ada','Paracetamol 3x1','Pemeriksaan standar','Istirahat yang cukup'),
(3,3,'120/80','36.5','60','Radang ringan','Tidak ada','Paracetamol 3x1','Pemeriksaan standar','Istirahat yang cukup'),
(4,4,'120/80','36.5','60','Radang ringan','Tidak ada','Paracetamol 3x1','Pemeriksaan standar','Istirahat yang cukup'),
(5,5,'120/80','36.5','60','Radang ringan','Tidak ada','Paracetamol 3x1','Pemeriksaan standar','Istirahat yang cukup'),
(6,6,'120/80','36.5','60','Radang ringan','Tidak ada','Paracetamol 3x1','Pemeriksaan standar','Istirahat yang cukup'),
(7,7,'120/80','36.5','60','Radang ringan','Tidak ada','Paracetamol 3x1','Pemeriksaan standar','Istirahat yang cukup'),
(8,8,'120/80','36.5','60','Radang ringan','Tidak ada','Paracetamol 3x1','Pemeriksaan standar','Istirahat yang cukup'),
(9,9,'120/80','36.5','60','Radang ringan','Tidak ada','Paracetamol 3x1','Pemeriksaan standar','Istirahat yang cukup'),
(10,10,'120/80','36.5','60','Radang ringan','Tidak ada','Paracetamol 3x1','Pemeriksaan standar','Istirahat yang cukup'),
(11,11,'120/80','36.5','60','Radang ringan','Tidak ada','Paracetamol 3x1','Pemeriksaan standar','Istirahat yang cukup'),
(12,12,'120/80','36.5','60','Radang ringan','Tidak ada','Paracetamol 3x1','Pemeriksaan standar','Istirahat yang cukup'),
(13,13,'120/80','36.5','60','Radang ringan','Tidak ada','Paracetamol 3x1','Pemeriksaan standar','Istirahat yang cukup'),
(14,14,'120/80','36.5','60','Radang ringan','Tidak ada','Paracetamol 3x1','Pemeriksaan standar','Istirahat yang cukup'),
(15,15,'120/80','36.5','60','Radang ringan','Tidak ada','Paracetamol 3x1','Pemeriksaan standar','Istirahat yang cukup'),
(16,16,'120/80','36.5','60','Radang ringan','Tidak ada','Paracetamol 3x1','Pemeriksaan standar','Istirahat yang cukup'),
(17,17,'120/80','36.5','60','Radang ringan','Tidak ada','Paracetamol 3x1','Pemeriksaan standar','Istirahat yang cukup'),
(18,18,'120/80','36.5','60','Radang ringan','Tidak ada','Paracetamol 3x1','Pemeriksaan standar','Istirahat yang cukup'),
(19,19,'120/80','36.5','60','Radang ringan','Tidak ada','Paracetamol 3x1','Pemeriksaan standar','Istirahat yang cukup'),
(20,20,'120/80','36.5','60','Radang ringan','Tidak ada','Paracetamol 3x1','Pemeriksaan standar','Istirahat yang cukup'),
(21,21,'120/80','36.5','60','Radang ringan','Tidak ada','Paracetamol 3x1','Pemeriksaan standar','Istirahat yang cukup'),
(22,22,'120/80','36.5','60','Radang ringan','Tidak ada','Paracetamol 3x1','Pemeriksaan standar','Istirahat yang cukup'),
(23,23,'120/80','36.5','60','Radang ringan','Tidak ada','Paracetamol 3x1','Pemeriksaan standar','Istirahat yang cukup'),
(24,24,'120/80','36.5','60','Radang ringan','Tidak ada','Paracetamol 3x1','Pemeriksaan standar','Istirahat yang cukup'),
(25,25,'120/80','36.5','60','Radang ringan','Tidak ada','Paracetamol 3x1','Pemeriksaan standar','Istirahat yang cukup'),
(26,26,'120/80','36.5','60','Radang ringan','Tidak ada','Paracetamol 3x1','Pemeriksaan standar','Istirahat yang cukup'),
(27,27,'120/80','36.5','60','Radang ringan','Tidak ada','Paracetamol 3x1','Pemeriksaan standar','Istirahat yang cukup'),
(28,28,'120/80','36.5','60','Radang ringan','Tidak ada','Paracetamol 3x1','Pemeriksaan standar','Istirahat yang cukup'),
(29,29,'120/80','36.5','60','Radang ringan','Tidak ada','Paracetamol 3x1','Pemeriksaan standar','Istirahat yang cukup'),
(30,30,'120/80','36.5','60','Radang ringan','Tidak ada','Paracetamol 3x1','Pemeriksaan standar','Istirahat yang cukup'),
(31,31,'120/80','36.5','60','Radang ringan','Tidak ada','Paracetamol 3x1','Pemeriksaan standar','Istirahat yang cukup'),
(32,32,'120/80','36.5','60','Radang ringan','Tidak ada','Paracetamol 3x1','Pemeriksaan standar','Istirahat yang cukup'),
(33,33,'120/80','36.5','60','Radang ringan','Tidak ada','Paracetamol 3x1','Pemeriksaan standar','Istirahat yang cukup'),
(34,34,'120/80','36.5','60','Radang ringan','Tidak ada','Paracetamol 3x1','Pemeriksaan standar','Istirahat yang cukup'),
(35,35,'120/80','36.5','60','Radang ringan','Tidak ada','Paracetamol 3x1','Pemeriksaan standar','Istirahat yang cukup'),
(36,36,'120/80','36.5','60','Radang ringan','Tidak ada','Paracetamol 3x1','Pemeriksaan standar','Istirahat yang cukup'),
(37,37,'120/80','36.5','60','Radang ringan','Tidak ada','Paracetamol 3x1','Pemeriksaan standar','Istirahat yang cukup'),
(38,38,'120/80','36.5','60','Radang ringan','Tidak ada','Paracetamol 3x1','Pemeriksaan standar','Istirahat yang cukup'),
(39,39,'120/80','36.5','60','Radang ringan','Tidak ada','Paracetamol 3x1','Pemeriksaan standar','Istirahat yang cukup'),
(40,40,'120/80','36.5','60','Radang ringan','Tidak ada','Paracetamol 3x1','Pemeriksaan standar','Istirahat yang cukup'),
(41,41,'120/80','36.5','60','Radang ringan','Tidak ada','Paracetamol 3x1','Pemeriksaan standar','Istirahat yang cukup'),
(42,42,'120/80','36.5','60','Radang ringan','Tidak ada','Paracetamol 3x1','Pemeriksaan standar','Istirahat yang cukup'),
(43,43,'120/80','36.5','60','Radang ringan','Tidak ada','Paracetamol 3x1','Pemeriksaan standar','Istirahat yang cukup'),
(44,44,'120/80','36.5','60','Radang ringan','Tidak ada','Paracetamol 3x1','Pemeriksaan standar','Istirahat yang cukup'),
(45,45,'120/80','36.5','60','Radang ringan','Tidak ada','Paracetamol 3x1','Pemeriksaan standar','Istirahat yang cukup'),
(46,46,'120/80','36.5','60','Radang ringan','Tidak ada','Paracetamol 3x1','Pemeriksaan standar','Istirahat yang cukup'),
(47,47,'120/80','36.5','60','Radang ringan','Tidak ada','Paracetamol 3x1','Pemeriksaan standar','Istirahat yang cukup'),
(48,48,'120/80','36.5','60','Radang ringan','Tidak ada','Paracetamol 3x1','Pemeriksaan standar','Istirahat yang cukup'),
(49,49,'120/80','36.5','60','Radang ringan','Tidak ada','Paracetamol 3x1','Pemeriksaan standar','Istirahat yang cukup'),
(50,50,'120/80','36.5','60','Radang ringan','Tidak ada','Paracetamol 3x1','Pemeriksaan standar','Istirahat yang cukup'),
(51,51,'120/80','36.5','60','Radang ringan','Tidak ada','Paracetamol 3x1','Pemeriksaan standar','Istirahat yang cukup'),
(52,52,'120/80','36.5','60','Radang ringan','Tidak ada','Paracetamol 3x1','Pemeriksaan standar','Istirahat yang cukup'),
(53,53,'120/80','36.5','60','Radang ringan','Tidak ada','Paracetamol 3x1','Pemeriksaan standar','Istirahat yang cukup'),
(54,54,'120/80','36.5','60','Radang ringan','Tidak ada','Paracetamol 3x1','Pemeriksaan standar','Istirahat yang cukup'),
(55,55,'120/80','36.5','60','Radang ringan','Tidak ada','Paracetamol 3x1','Pemeriksaan standar','Istirahat yang cukup'),
(56,56,'120/80','36.5','60','Radang ringan','Tidak ada','Paracetamol 3x1','Pemeriksaan standar','Istirahat yang cukup'),
(57,57,'120/80','36.5','60','Radang ringan','Tidak ada','Paracetamol 3x1','Pemeriksaan standar','Istirahat yang cukup'),
(58,58,'120/80','36.5','60','Radang ringan','Tidak ada','Paracetamol 3x1','Pemeriksaan standar','Istirahat yang cukup'),
(59,59,'120/80','36.5','60','Radang ringan','Tidak ada','Paracetamol 3x1','Pemeriksaan standar','Istirahat yang cukup'),
(60,60,'120/80','36.5','60','Radang ringan','Tidak ada','Paracetamol 3x1','Pemeriksaan standar','Istirahat yang cukup'),
(61,61,'120/80','36.5','60','Radang ringan','Tidak ada','Paracetamol 3x1','Pemeriksaan standar','Istirahat yang cukup'),
(62,62,'120/80','36.5','60','Radang ringan','Tidak ada','Paracetamol 3x1','Pemeriksaan standar','Istirahat yang cukup'),
(63,63,'120/80','36.5','60','Radang ringan','Tidak ada','Paracetamol 3x1','Pemeriksaan standar','Istirahat yang cukup'),
(64,64,'120/80','36.5','60','Radang ringan','Tidak ada','Paracetamol 3x1','Pemeriksaan standar','Istirahat yang cukup'),
(65,65,'120/80','36.5','60','Radang ringan','Tidak ada','Paracetamol 3x1','Pemeriksaan standar','Istirahat yang cukup'),
(66,66,'120/80','36.5','60','Radang ringan','Tidak ada','Paracetamol 3x1','Pemeriksaan standar','Istirahat yang cukup'),
(67,67,'120/80','36.5','60','Radang ringan','Tidak ada','Paracetamol 3x1','Pemeriksaan standar','Istirahat yang cukup'),
(68,68,'120/80','36.5','60','Radang ringan','Tidak ada','Paracetamol 3x1','Pemeriksaan standar','Istirahat yang cukup'),
(69,69,'120/80','36.5','60','Radang ringan','Tidak ada','Paracetamol 3x1','Pemeriksaan standar','Istirahat yang cukup'),
(70,70,'120/80','36.5','60','Radang ringan','Tidak ada','Paracetamol 3x1','Pemeriksaan standar','Istirahat yang cukup'),
(71,71,'120/80','36.5','60','Radang ringan','Tidak ada','Paracetamol 3x1','Pemeriksaan standar','Istirahat yang cukup'),
(72,72,'120/80','36.5','60','Radang ringan','Tidak ada','Paracetamol 3x1','Pemeriksaan standar','Istirahat yang cukup'),
(73,73,'120/80','36.5','60','Radang ringan','Tidak ada','Paracetamol 3x1','Pemeriksaan standar','Istirahat yang cukup'),
(74,74,'120/80','36.5','60','Radang ringan','Tidak ada','Paracetamol 3x1','Pemeriksaan standar','Istirahat yang cukup'),
(75,75,'120/80','36.5','60','Radang ringan','Tidak ada','Paracetamol 3x1','Pemeriksaan standar','Istirahat yang cukup'),
(76,76,'120/80','36.5','60','Radang ringan','Tidak ada','Paracetamol 3x1','Pemeriksaan standar','Istirahat yang cukup'),
(77,77,'120/80','36.5','60','Radang ringan','Tidak ada','Paracetamol 3x1','Pemeriksaan standar','Istirahat yang cukup'),
(78,78,'120/80','36.5','60','Radang ringan','Tidak ada','Paracetamol 3x1','Pemeriksaan standar','Istirahat yang cukup'),
(79,79,'120/80','36.5','60','Radang ringan','Tidak ada','Paracetamol 3x1','Pemeriksaan standar','Istirahat yang cukup'),
(80,80,'120/80','36.5','60','Radang ringan','Tidak ada','Paracetamol 3x1','Pemeriksaan standar','Istirahat yang cukup'),
(81,81,'120/80','36.5','60','Radang ringan','Tidak ada','Paracetamol 3x1','Pemeriksaan standar','Istirahat yang cukup'),
(82,82,'120/80','36.5','60','Radang ringan','Tidak ada','Paracetamol 3x1','Pemeriksaan standar','Istirahat yang cukup'),
(83,83,'120/80','36.5','60','Radang ringan','Tidak ada','Paracetamol 3x1','Pemeriksaan standar','Istirahat yang cukup'),
(84,84,'120/80','36.5','60','Radang ringan','Tidak ada','Paracetamol 3x1','Pemeriksaan standar','Istirahat yang cukup'),
(85,85,'120/80','36.5','60','Radang ringan','Tidak ada','Paracetamol 3x1','Pemeriksaan standar','Istirahat yang cukup'),
(86,86,'120/80','36.5','60','Radang ringan','Tidak ada','Paracetamol 3x1','Pemeriksaan standar','Istirahat yang cukup'),
(87,87,'120/80','36.5','60','Radang ringan','Tidak ada','Paracetamol 3x1','Pemeriksaan standar','Istirahat yang cukup'),
(88,88,'120/80','36.5','60','Radang ringan','Tidak ada','Paracetamol 3x1','Pemeriksaan standar','Istirahat yang cukup'),
(89,89,'120/80','36.5','60','Radang ringan','Tidak ada','Paracetamol 3x1','Pemeriksaan standar','Istirahat yang cukup'),
(90,90,'120/80','36.5','60','Radang ringan','Tidak ada','Paracetamol 3x1','Pemeriksaan standar','Istirahat yang cukup'),
(91,91,'120/80','36.5','60','Radang ringan','Tidak ada','Paracetamol 3x1','Pemeriksaan standar','Istirahat yang cukup'),
(92,92,'120/80','36.5','60','Radang ringan','Tidak ada','Paracetamol 3x1','Pemeriksaan standar','Istirahat yang cukup'),
(93,93,'120/80','36.5','60','Radang ringan','Tidak ada','Paracetamol 3x1','Pemeriksaan standar','Istirahat yang cukup'),
(94,94,'120/80','36.5','60','Radang ringan','Tidak ada','Paracetamol 3x1','Pemeriksaan standar','Istirahat yang cukup'),
(95,95,'120/80','36.5','60','Radang ringan','Tidak ada','Paracetamol 3x1','Pemeriksaan standar','Istirahat yang cukup'),
(96,96,'120/80','36.5','60','Radang ringan','Tidak ada','Paracetamol 3x1','Pemeriksaan standar','Istirahat yang cukup'),
(97,97,'120/80','36.5','60','Radang ringan','Tidak ada','Paracetamol 3x1','Pemeriksaan standar','Istirahat yang cukup'),
(98,98,'120/80','36.5','60','Radang ringan','Tidak ada','Paracetamol 3x1','Pemeriksaan standar','Istirahat yang cukup'),
(99,99,'120/80','36.5','60','Radang ringan','Tidak ada','Paracetamol 3x1','Pemeriksaan standar','Istirahat yang cukup'),
(100,100,'120/80','36.5','60','Radang ringan','Tidak ada','Paracetamol 3x1','Pemeriksaan standar','Istirahat yang cukup'),
(101,101,'120/80','36.5','60','Radang ringan','Tidak ada','Paracetamol 3x1','Pemeriksaan standar','Istirahat yang cukup'),
(102,102,'120/80','36.5','60','Radang ringan','Tidak ada','Paracetamol 3x1','Pemeriksaan standar','Istirahat yang cukup'),
(103,103,'120/80','36.5','60','Radang ringan','Tidak ada','Paracetamol 3x1','Pemeriksaan standar','Istirahat yang cukup'),
(104,104,'120/80','36.5','60','Radang ringan','Tidak ada','Paracetamol 3x1','Pemeriksaan standar','Istirahat yang cukup'),
(105,105,'120/80','36.5','60','Radang ringan','Tidak ada','Paracetamol 3x1','Pemeriksaan standar','Istirahat yang cukup'),
(106,106,'120/80','36.5','60','Radang ringan','Tidak ada','Paracetamol 3x1','Pemeriksaan standar','Istirahat yang cukup'),
(107,107,'120/80','36.5','60','Radang ringan','Tidak ada','Paracetamol 3x1','Pemeriksaan standar','Istirahat yang cukup'),
(108,108,'120/80','36.5','60','Radang ringan','Tidak ada','Paracetamol 3x1','Pemeriksaan standar','Istirahat yang cukup'),
(109,109,'120/80','36.5','60','Radang ringan','Tidak ada','Paracetamol 3x1','Pemeriksaan standar','Istirahat yang cukup'),
(110,110,'120/80','36.5','60','Radang ringan','Tidak ada','Paracetamol 3x1','Pemeriksaan standar','Istirahat yang cukup'),
(111,111,'120/80','36.5','60','Radang ringan','Tidak ada','Paracetamol 3x1','Pemeriksaan standar','Istirahat yang cukup'),
(112,112,'120/80','36.5','60','Radang ringan','Tidak ada','Paracetamol 3x1','Pemeriksaan standar','Istirahat yang cukup'),
(113,113,'120/80','36.5','60','Radang ringan','Tidak ada','Paracetamol 3x1','Pemeriksaan standar','Istirahat yang cukup'),
(114,114,'120/80','36.5','60','Radang ringan','Tidak ada','Paracetamol 3x1','Pemeriksaan standar','Istirahat yang cukup'),
(115,115,'120/80','36.5','60','Radang ringan','Tidak ada','Paracetamol 3x1','Pemeriksaan standar','Istirahat yang cukup'),
(116,116,'120/80','36.5','60','Radang ringan','Tidak ada','Paracetamol 3x1','Pemeriksaan standar','Istirahat yang cukup'),
(117,117,'120/80','36.5','60','Radang ringan','Tidak ada','Paracetamol 3x1','Pemeriksaan standar','Istirahat yang cukup'),
(118,118,'120/80','36.5','60','Radang ringan','Tidak ada','Paracetamol 3x1','Pemeriksaan standar','Istirahat yang cukup'),
(119,119,'120/80','36.5','60','Radang ringan','Tidak ada','Paracetamol 3x1','Pemeriksaan standar','Istirahat yang cukup'),
(120,120,'120/80','36.5','60','Radang ringan','Tidak ada','Paracetamol 3x1','Pemeriksaan standar','Istirahat yang cukup'),
(121,121,'120/80','36.5','60','Radang ringan','Tidak ada','Paracetamol 3x1','Pemeriksaan standar','Istirahat yang cukup'),
(122,122,'120/80','36.5','60','Radang ringan','Tidak ada','Paracetamol 3x1','Pemeriksaan standar','Istirahat yang cukup'),
(123,123,'120/80','36.5','60','Radang ringan','Tidak ada','Paracetamol 3x1','Pemeriksaan standar','Istirahat yang cukup'),
(124,124,'120/80','36.5','60','Radang ringan','Tidak ada','Paracetamol 3x1','Pemeriksaan standar','Istirahat yang cukup'),
(125,125,'120/80','36.5','60','Radang ringan','Tidak ada','Paracetamol 3x1','Pemeriksaan standar','Istirahat yang cukup'),
(126,126,'120/80','36.5','60','Radang ringan','Tidak ada','Paracetamol 3x1','Pemeriksaan standar','Istirahat yang cukup'),
(127,127,'120/80','36.5','60','Radang ringan','Tidak ada','Paracetamol 3x1','Pemeriksaan standar','Istirahat yang cukup'),
(128,128,'120/80','36.5','60','Radang ringan','Tidak ada','Paracetamol 3x1','Pemeriksaan standar','Istirahat yang cukup'),
(129,129,'120/80','36.5','60','Radang ringan','Tidak ada','Paracetamol 3x1','Pemeriksaan standar','Istirahat yang cukup'),
(130,130,'120/80','36.5','60','Radang ringan','Tidak ada','Paracetamol 3x1','Pemeriksaan standar','Istirahat yang cukup'),
(131,131,'120/80','36.5','60','Radang ringan','Tidak ada','Paracetamol 3x1','Pemeriksaan standar','Istirahat yang cukup'),
(132,132,'120/80','36.5','60','Radang ringan','Tidak ada','Paracetamol 3x1','Pemeriksaan standar','Istirahat yang cukup'),
(133,133,'120/80','36.5','60','Radang ringan','Tidak ada','Paracetamol 3x1','Pemeriksaan standar','Istirahat yang cukup'),
(134,134,'120/80','36.5','60','Radang ringan','Tidak ada','Paracetamol 3x1','Pemeriksaan standar','Istirahat yang cukup'),
(135,135,'120/80','36.5','60','Radang ringan','Tidak ada','Paracetamol 3x1','Pemeriksaan standar','Istirahat yang cukup'),
(136,136,'120/80','36.5','60','Radang ringan','Tidak ada','Paracetamol 3x1','Pemeriksaan standar','Istirahat yang cukup'),
(137,137,'120/80','36.5','60','Radang ringan','Tidak ada','Paracetamol 3x1','Pemeriksaan standar','Istirahat yang cukup'),
(138,138,'120/80','36.5','60','Radang ringan','Tidak ada','Paracetamol 3x1','Pemeriksaan standar','Istirahat yang cukup'),
(139,139,'120/80','36.5','60','Radang ringan','Tidak ada','Paracetamol 3x1','Pemeriksaan standar','Istirahat yang cukup'),
(140,140,'120/80','36.5','60','Radang ringan','Tidak ada','Paracetamol 3x1','Pemeriksaan standar','Istirahat yang cukup'),
(141,141,'120/80','36.5','60','Radang ringan','Tidak ada','Paracetamol 3x1','Pemeriksaan standar','Istirahat yang cukup'),
(142,142,'120/80','36.5','60','Radang ringan','Tidak ada','Paracetamol 3x1','Pemeriksaan standar','Istirahat yang cukup'),
(143,143,'120/80','36.5','60','Radang ringan','Tidak ada','Paracetamol 3x1','Pemeriksaan standar','Istirahat yang cukup'),
(144,144,'120/80','36.5','60','Radang ringan','Tidak ada','Paracetamol 3x1','Pemeriksaan standar','Istirahat yang cukup'),
(145,145,'120/80','36.5','60','Radang ringan','Tidak ada','Paracetamol 3x1','Pemeriksaan standar','Istirahat yang cukup'),
(146,146,'120/80','36.5','60','Radang ringan','Tidak ada','Paracetamol 3x1','Pemeriksaan standar','Istirahat yang cukup'),
(147,147,'120/80','36.5','60','Radang ringan','Tidak ada','Paracetamol 3x1','Pemeriksaan standar','Istirahat yang cukup'),
(148,148,'120/80','36.5','60','Radang ringan','Tidak ada','Paracetamol 3x1','Pemeriksaan standar','Istirahat yang cukup'),
(149,149,'120/80','36.5','60','Radang ringan','Tidak ada','Paracetamol 3x1','Pemeriksaan standar','Istirahat yang cukup'),
(150,150,'120/80','36.5','60','Radang ringan','Tidak ada','Paracetamol 3x1','Pemeriksaan standar','Istirahat yang cukup'),
(151,151,'120/80','36.5','60','Radang ringan','Tidak ada','Paracetamol 3x1','Pemeriksaan standar','Istirahat yang cukup'),
(152,152,'120/80','36.5','60','Radang ringan','Tidak ada','Paracetamol 3x1','Pemeriksaan standar','Istirahat yang cukup'),
(153,153,'120/80','36.5','60','Radang ringan','Tidak ada','Paracetamol 3x1','Pemeriksaan standar','Istirahat yang cukup'),
(154,154,'120/80','36.5','60','Radang ringan','Tidak ada','Paracetamol 3x1','Pemeriksaan standar','Istirahat yang cukup'),
(155,155,'120/80','36.5','60','Radang ringan','Tidak ada','Paracetamol 3x1','Pemeriksaan standar','Istirahat yang cukup'),
(156,156,'120/80','36.5','60','Radang ringan','Tidak ada','Paracetamol 3x1','Pemeriksaan standar','Istirahat yang cukup'),
(157,157,'120/80','36.5','60','Radang ringan','Tidak ada','Paracetamol 3x1','Pemeriksaan standar','Istirahat yang cukup'),
(158,158,'120/80','36.5','60','Radang ringan','Tidak ada','Paracetamol 3x1','Pemeriksaan standar','Istirahat yang cukup'),
(159,159,'120/80','36.5','60','Radang ringan','Tidak ada','Paracetamol 3x1','Pemeriksaan standar','Istirahat yang cukup'),
(160,160,'120/80','36.5','60','Radang ringan','Tidak ada','Paracetamol 3x1','Pemeriksaan standar','Istirahat yang cukup'),
(161,161,'120/80','36.5','60','Radang ringan','Tidak ada','Paracetamol 3x1','Pemeriksaan standar','Istirahat yang cukup'),
(162,162,'120/80','36.5','60','Radang ringan','Tidak ada','Paracetamol 3x1','Pemeriksaan standar','Istirahat yang cukup'),
(163,163,'120/80','36.5','60','Radang ringan','Tidak ada','Paracetamol 3x1','Pemeriksaan standar','Istirahat yang cukup'),
(164,164,'120/80','36.5','60','Radang ringan','Tidak ada','Paracetamol 3x1','Pemeriksaan standar','Istirahat yang cukup'),
(165,165,'120/80','36.5','60','Radang ringan','Tidak ada','Paracetamol 3x1','Pemeriksaan standar','Istirahat yang cukup'),
(166,166,'120/80','36.5','60','Radang ringan','Tidak ada','Paracetamol 3x1','Pemeriksaan standar','Istirahat yang cukup'),
(167,167,'120/80','36.5','60','Radang ringan','Tidak ada','Paracetamol 3x1','Pemeriksaan standar','Istirahat yang cukup'),
(168,168,'120/80','36.5','60','Radang ringan','Tidak ada','Paracetamol 3x1','Pemeriksaan standar','Istirahat yang cukup'),
(169,169,'120/80','36.5','60','Radang ringan','Tidak ada','Paracetamol 3x1','Pemeriksaan standar','Istirahat yang cukup'),
(170,170,'120/80','36.5','60','Radang ringan','Tidak ada','Paracetamol 3x1','Pemeriksaan standar','Istirahat yang cukup'),
(171,171,'120/80','36.5','60','Radang ringan','Tidak ada','Paracetamol 3x1','Pemeriksaan standar','Istirahat yang cukup'),
(172,172,'120/80','36.5','60','Radang ringan','Tidak ada','Paracetamol 3x1','Pemeriksaan standar','Istirahat yang cukup'),
(173,173,'120/80','36.5','60','Radang ringan','Tidak ada','Paracetamol 3x1','Pemeriksaan standar','Istirahat yang cukup'),
(174,174,'120/80','36.5','60','Radang ringan','Tidak ada','Paracetamol 3x1','Pemeriksaan standar','Istirahat yang cukup'),
(175,175,'120/80','36.5','60','Radang ringan','Tidak ada','Paracetamol 3x1','Pemeriksaan standar','Istirahat yang cukup'),
(176,176,'120/80','36.5','60','Radang ringan','Tidak ada','Paracetamol 3x1','Pemeriksaan standar','Istirahat yang cukup'),
(177,177,'120/80','36.5','60','Radang ringan','Tidak ada','Paracetamol 3x1','Pemeriksaan standar','Istirahat yang cukup'),
(178,178,'120/80','36.5','60','Radang ringan','Tidak ada','Paracetamol 3x1','Pemeriksaan standar','Istirahat yang cukup'),
(179,179,'120/80','36.5','60','Radang ringan','Tidak ada','Paracetamol 3x1','Pemeriksaan standar','Istirahat yang cukup'),
(180,180,'120/80','36.5','60','Radang ringan','Tidak ada','Paracetamol 3x1','Pemeriksaan standar','Istirahat yang cukup'),
(181,181,'120/80','36.5','60','Radang ringan','Tidak ada','Paracetamol 3x1','Pemeriksaan standar','Istirahat yang cukup'),
(182,182,'120/80','36.5','60','Radang ringan','Tidak ada','Paracetamol 3x1','Pemeriksaan standar','Istirahat yang cukup'),
(183,183,'120/80','36.5','60','Radang ringan','Tidak ada','Paracetamol 3x1','Pemeriksaan standar','Istirahat yang cukup'),
(184,184,'120/80','36.5','60','Radang ringan','Tidak ada','Paracetamol 3x1','Pemeriksaan standar','Istirahat yang cukup'),
(185,185,'120/80','36.5','60','Radang ringan','Tidak ada','Paracetamol 3x1','Pemeriksaan standar','Istirahat yang cukup'),
(186,186,'120/80','36.5','60','Radang ringan','Tidak ada','Paracetamol 3x1','Pemeriksaan standar','Istirahat yang cukup'),
(187,187,'120/80','36.5','60','Radang ringan','Tidak ada','Paracetamol 3x1','Pemeriksaan standar','Istirahat yang cukup'),
(188,188,'120/80','36.5','60','Radang ringan','Tidak ada','Paracetamol 3x1','Pemeriksaan standar','Istirahat yang cukup'),
(189,189,'120/80','36.5','60','Radang ringan','Tidak ada','Paracetamol 3x1','Pemeriksaan standar','Istirahat yang cukup'),
(190,190,'120/80','36.5','60','Radang ringan','Tidak ada','Paracetamol 3x1','Pemeriksaan standar','Istirahat yang cukup'),
(191,191,'120/80','36.5','60','Radang ringan','Tidak ada','Paracetamol 3x1','Pemeriksaan standar','Istirahat yang cukup'),
(192,192,'120/80','36.5','60','Radang ringan','Tidak ada','Paracetamol 3x1','Pemeriksaan standar','Istirahat yang cukup'),
(193,193,'120/80','36.5','60','Radang ringan','Tidak ada','Paracetamol 3x1','Pemeriksaan standar','Istirahat yang cukup'),
(194,194,'120/80','36.5','60','Radang ringan','Tidak ada','Paracetamol 3x1','Pemeriksaan standar','Istirahat yang cukup'),
(195,195,'120/80','36.5','60','Radang ringan','Tidak ada','Paracetamol 3x1','Pemeriksaan standar','Istirahat yang cukup'),
(196,196,'120/80','36.5','60','Radang ringan','Tidak ada','Paracetamol 3x1','Pemeriksaan standar','Istirahat yang cukup'),
(197,197,'120/80','36.5','60','Radang ringan','Tidak ada','Paracetamol 3x1','Pemeriksaan standar','Istirahat yang cukup'),
(198,198,'120/80','36.5','60','Radang ringan','Tidak ada','Paracetamol 3x1','Pemeriksaan standar','Istirahat yang cukup'),
(199,199,'120/80','36.5','60','Radang ringan','Tidak ada','Paracetamol 3x1','Pemeriksaan standar','Istirahat yang cukup'),
(200,200,'120/80','36.5','60','Radang ringan','Tidak ada','Paracetamol 3x1','Pemeriksaan standar','Istirahat yang cukup'),
(201,201,'120/80','36.5','60','Radang ringan','Tidak ada','Paracetamol 3x1','Pemeriksaan standar','Istirahat yang cukup'),
(202,202,'120/80','36.5','60','Radang ringan','Tidak ada','Paracetamol 3x1','Pemeriksaan standar','Istirahat yang cukup'),
(203,203,'120/80','36.5','60','Radang ringan','Tidak ada','Paracetamol 3x1','Pemeriksaan standar','Istirahat yang cukup'),
(204,204,'120/80','36.5','60','Radang ringan','Tidak ada','Paracetamol 3x1','Pemeriksaan standar','Istirahat yang cukup'),
(205,205,'120/80','36.5','60','Radang ringan','Tidak ada','Paracetamol 3x1','Pemeriksaan standar','Istirahat yang cukup'),
(206,206,'120/80','36.5','60','Radang ringan','Tidak ada','Paracetamol 3x1','Pemeriksaan standar','Istirahat yang cukup'),
(207,207,'120/80','36.5','60','Radang ringan','Tidak ada','Paracetamol 3x1','Pemeriksaan standar','Istirahat yang cukup'),
(208,208,'120/80','36.5','60','Radang ringan','Tidak ada','Paracetamol 3x1','Pemeriksaan standar','Istirahat yang cukup'),
(209,209,'120/80','36.5','60','Radang ringan','Tidak ada','Paracetamol 3x1','Pemeriksaan standar','Istirahat yang cukup'),
(210,210,'120/80','36.5','60','Radang ringan','Tidak ada','Paracetamol 3x1','Pemeriksaan standar','Istirahat yang cukup'),
(211,211,'120/80','36.5','60','Radang ringan','Tidak ada','Paracetamol 3x1','Pemeriksaan standar','Istirahat yang cukup'),
(212,212,'120/80','36.5','60','Radang ringan','Tidak ada','Paracetamol 3x1','Pemeriksaan standar','Istirahat yang cukup'),
(213,213,'120/80','36.5','60','Radang ringan','Tidak ada','Paracetamol 3x1','Pemeriksaan standar','Istirahat yang cukup'),
(214,214,'120/80','36.5','60','Radang ringan','Tidak ada','Paracetamol 3x1','Pemeriksaan standar','Istirahat yang cukup'),
(215,215,'120/80','36.5','60','Radang ringan','Tidak ada','Paracetamol 3x1','Pemeriksaan standar','Istirahat yang cukup'),
(216,216,'120/80','36.5','60','Radang ringan','Tidak ada','Paracetamol 3x1','Pemeriksaan standar','Istirahat yang cukup'),
(217,217,'120/80','36.5','60','Radang ringan','Tidak ada','Paracetamol 3x1','Pemeriksaan standar','Istirahat yang cukup'),
(218,218,'120/80','36.5','60','Radang ringan','Tidak ada','Paracetamol 3x1','Pemeriksaan standar','Istirahat yang cukup'),
(219,219,'120/80','36.5','60','Radang ringan','Tidak ada','Paracetamol 3x1','Pemeriksaan standar','Istirahat yang cukup'),
(220,220,'120/80','36.5','60','Radang ringan','Tidak ada','Paracetamol 3x1','Pemeriksaan standar','Istirahat yang cukup'),
(221,221,'120/80','36.5','60','Radang ringan','Tidak ada','Paracetamol 3x1','Pemeriksaan standar','Istirahat yang cukup'),
(222,222,'120/80','36.5','60','Radang ringan','Tidak ada','Paracetamol 3x1','Pemeriksaan standar','Istirahat yang cukup'),
(223,223,'120/80','36.5','60','Radang ringan','Tidak ada','Paracetamol 3x1','Pemeriksaan standar','Istirahat yang cukup'),
(224,224,'120/80','36.5','60','Radang ringan','Tidak ada','Paracetamol 3x1','Pemeriksaan standar','Istirahat yang cukup'),
(225,225,'120/80','36.5','60','Radang ringan','Tidak ada','Paracetamol 3x1','Pemeriksaan standar','Istirahat yang cukup'),
(226,226,'120/80','36.5','60','Radang ringan','Tidak ada','Paracetamol 3x1','Pemeriksaan standar','Istirahat yang cukup'),
(227,227,'120/80','36.5','60','Radang ringan','Tidak ada','Paracetamol 3x1','Pemeriksaan standar','Istirahat yang cukup'),
(228,228,'120/80','36.5','60','Radang ringan','Tidak ada','Paracetamol 3x1','Pemeriksaan standar','Istirahat yang cukup'),
(229,229,'120/80','36.5','60','Radang ringan','Tidak ada','Paracetamol 3x1','Pemeriksaan standar','Istirahat yang cukup'),
(230,230,'120/80','36.5','60','Radang ringan','Tidak ada','Paracetamol 3x1','Pemeriksaan standar','Istirahat yang cukup'),
(231,231,'120/80','36.5','60','Radang ringan','Tidak ada','Paracetamol 3x1','Pemeriksaan standar','Istirahat yang cukup'),
(232,232,'120/80','36.5','60','Radang ringan','Tidak ada','Paracetamol 3x1','Pemeriksaan standar','Istirahat yang cukup'),
(233,233,'120/80','36.5','60','Radang ringan','Tidak ada','Paracetamol 3x1','Pemeriksaan standar','Istirahat yang cukup'),
(234,234,'120/80','36.5','60','Radang ringan','Tidak ada','Paracetamol 3x1','Pemeriksaan standar','Istirahat yang cukup'),
(235,235,'120/80','36.5','60','Radang ringan','Tidak ada','Paracetamol 3x1','Pemeriksaan standar','Istirahat yang cukup'),
(236,236,'120/80','36.5','60','Radang ringan','Tidak ada','Paracetamol 3x1','Pemeriksaan standar','Istirahat yang cukup'),
(237,237,'120/80','36.5','60','Radang ringan','Tidak ada','Paracetamol 3x1','Pemeriksaan standar','Istirahat yang cukup'),
(238,238,'120/80','36.5','60','Radang ringan','Tidak ada','Paracetamol 3x1','Pemeriksaan standar','Istirahat yang cukup'),
(239,239,'120/80','36.5','60','Radang ringan','Tidak ada','Paracetamol 3x1','Pemeriksaan standar','Istirahat yang cukup'),
(240,240,'120/80','36.5','60','Radang ringan','Tidak ada','Paracetamol 3x1','Pemeriksaan standar','Istirahat yang cukup'),
(241,241,'120/80','36.5','60','Radang ringan','Tidak ada','Paracetamol 3x1','Pemeriksaan standar','Istirahat yang cukup'),
(242,242,'120/80','36.5','60','Radang ringan','Tidak ada','Paracetamol 3x1','Pemeriksaan standar','Istirahat yang cukup'),
(243,243,'120/80','36.5','60','Radang ringan','Tidak ada','Paracetamol 3x1','Pemeriksaan standar','Istirahat yang cukup'),
(244,244,'120/80','36.5','60','Radang ringan','Tidak ada','Paracetamol 3x1','Pemeriksaan standar','Istirahat yang cukup'),
(245,245,'120/80','36.5','60','Radang ringan','Tidak ada','Paracetamol 3x1','Pemeriksaan standar','Istirahat yang cukup'),
(246,246,'120/80','36.5','60','Radang ringan','Tidak ada','Paracetamol 3x1','Pemeriksaan standar','Istirahat yang cukup'),
(247,247,'120/80','36.5','60','Radang ringan','Tidak ada','Paracetamol 3x1','Pemeriksaan standar','Istirahat yang cukup'),
(248,248,'120/80','36.5','60','Radang ringan','Tidak ada','Paracetamol 3x1','Pemeriksaan standar','Istirahat yang cukup'),
(249,249,'120/80','36.5','60','Radang ringan','Tidak ada','Paracetamol 3x1','Pemeriksaan standar','Istirahat yang cukup'),
(250,250,'120/80','36.5','60','Radang ringan','Tidak ada','Paracetamol 3x1','Pemeriksaan standar','Istirahat yang cukup'),
(251,251,'120','38','65','panas dingin','Tidak ada','Paracetamol','Pemeriksaan fisik standar, Cek tekanan darah','Istirahat cukup 3 hari., Banyak minum air putih.'),
(252,252,'120','38','60','panas dingin','Tidak ada','paracetamol','Pemeriksaan fisik standar','Istirahat cukup 3 hari.'),
(253,253,'120','40','65','panas dingin','Tidak ada','paracetamol','Cek tekanan darah','Banyak minum air putih.');

INSERT INTO pembayaran(id_pembayaran,id_reservasi,snap_token,metode_pembayaran,bukti_pembayaran,jumlah_bayar,status_pembayaran) values 
(1,1,NULL,'Tunai',NULL,420000.00,'Lunas'),
(2,2,NULL,'Midtrans',NULL,140000.00,'Lunas'),
(3,3,NULL,'Tunai',NULL,500000.00,'Lunas'),
(4,4,NULL,'Midtrans',NULL,270000.00,'Lunas'),
(5,5,NULL,'Tunai',NULL,370000.00,'Lunas'),
(6,6,NULL,'Midtrans',NULL,250000.00,'Lunas'),
(7,7,NULL,'Midtrans',NULL,430000.00,'Lunas'),
(8,8,NULL,'Midtrans',NULL,220000.00,'Lunas'),
(9,9,NULL,'Tunai',NULL,440000.00,'Lunas'),
(10,10,NULL,'Tunai',NULL,180000.00,'Lunas'),
(11,11,NULL,'Tunai',NULL,210000.00,'Lunas'),
(12,12,NULL,'Tunai',NULL,390000.00,'Lunas'),
(13,13,NULL,'Tunai',NULL,300000.00,'Lunas'),
(14,14,NULL,'Midtrans',NULL,280000.00,'Lunas'),
(15,15,NULL,'Tunai',NULL,330000.00,'Lunas'),
(16,16,NULL,'Tunai',NULL,180000.00,'Lunas'),
(17,17,NULL,'Tunai',NULL,120000.00,'Lunas'),
(18,18,NULL,'Midtrans',NULL,420000.00,'Lunas'),
(19,19,NULL,'Tunai',NULL,190000.00,'Lunas'),
(20,20,NULL,'Tunai',NULL,310000.00,'Lunas'),
(21,21,NULL,'Tunai',NULL,180000.00,'Lunas'),
(22,22,NULL,'Tunai',NULL,210000.00,'Lunas'),
(23,23,NULL,'Midtrans',NULL,480000.00,'Lunas'),
(24,24,NULL,'Midtrans',NULL,270000.00,'Lunas'),
(25,25,NULL,'Tunai',NULL,290000.00,'Lunas'),
(26,26,NULL,'Tunai',NULL,300000.00,'Lunas'),
(27,27,NULL,'Midtrans',NULL,280000.00,'Lunas'),
(28,28,NULL,'Tunai',NULL,190000.00,'Lunas'),
(29,29,NULL,'Tunai',NULL,420000.00,'Lunas'),
(30,30,NULL,'Midtrans',NULL,180000.00,'Lunas'),
(31,31,NULL,'Tunai',NULL,380000.00,'Lunas'),
(32,32,NULL,'Midtrans',NULL,460000.00,'Lunas'),
(33,33,NULL,'Tunai',NULL,490000.00,'Lunas'),
(34,34,NULL,'Tunai',NULL,340000.00,'Lunas'),
(35,35,NULL,'Tunai',NULL,80000.00,'Lunas'),
(36,36,NULL,'Tunai',NULL,100000.00,'Lunas'),
(37,37,NULL,'Midtrans',NULL,190000.00,'Lunas'),
(38,38,NULL,'Tunai',NULL,160000.00,'Lunas'),
(39,39,NULL,'Midtrans',NULL,290000.00,'Lunas'),
(40,40,NULL,'Tunai',NULL,470000.00,'Lunas'),
(41,41,NULL,'Midtrans',NULL,160000.00,'Lunas'),
(42,42,NULL,'Tunai',NULL,430000.00,'Lunas'),
(43,43,NULL,'Midtrans',NULL,270000.00,'Lunas'),
(44,44,NULL,'Midtrans',NULL,460000.00,'Lunas'),
(45,45,NULL,'Midtrans',NULL,270000.00,'Lunas'),
(46,46,NULL,'Tunai',NULL,500000.00,'Lunas'),
(47,47,NULL,'Midtrans',NULL,290000.00,'Lunas'),
(48,48,NULL,'Midtrans',NULL,210000.00,'Lunas'),
(49,49,NULL,'Tunai',NULL,350000.00,'Lunas'),
(50,50,NULL,'Tunai',NULL,50000.00,'Lunas'),
(51,51,NULL,'Midtrans',NULL,270000.00,'Lunas'),
(52,52,NULL,'Tunai',NULL,240000.00,'Lunas'),
(53,53,NULL,'Tunai',NULL,440000.00,'Lunas'),
(54,54,NULL,'Tunai',NULL,240000.00,'Lunas'),
(55,55,NULL,'Midtrans',NULL,220000.00,'Lunas'),
(56,56,NULL,'Midtrans',NULL,200000.00,'Lunas'),
(57,57,NULL,'Tunai',NULL,220000.00,'Lunas'),
(58,58,NULL,'Midtrans',NULL,470000.00,'Lunas'),
(59,59,NULL,'Tunai',NULL,80000.00,'Lunas'),
(60,60,NULL,'Tunai',NULL,150000.00,'Lunas'),
(61,61,NULL,'Midtrans',NULL,490000.00,'Lunas'),
(62,62,NULL,'Tunai',NULL,380000.00,'Lunas'),
(63,63,NULL,'Midtrans',NULL,80000.00,'Lunas'),
(64,64,NULL,'Tunai',NULL,480000.00,'Lunas'),
(65,65,NULL,'Tunai',NULL,490000.00,'Lunas'),
(66,66,NULL,'Tunai',NULL,470000.00,'Lunas'),
(67,67,NULL,'Midtrans',NULL,220000.00,'Lunas'),
(68,68,NULL,'Midtrans',NULL,370000.00,'Lunas'),
(69,69,NULL,'Tunai',NULL,50000.00,'Lunas'),
(70,70,NULL,'Midtrans',NULL,190000.00,'Lunas'),
(71,71,NULL,'Midtrans',NULL,110000.00,'Lunas'),
(72,72,NULL,'Midtrans',NULL,420000.00,'Lunas'),
(73,73,NULL,'Midtrans',NULL,120000.00,'Lunas'),
(74,74,NULL,'Midtrans',NULL,330000.00,'Lunas'),
(75,75,NULL,'Tunai',NULL,280000.00,'Lunas'),
(76,76,NULL,'Tunai',NULL,450000.00,'Lunas'),
(77,77,NULL,'Tunai',NULL,490000.00,'Lunas'),
(78,78,NULL,'Tunai',NULL,470000.00,'Lunas'),
(79,79,NULL,'Midtrans',NULL,120000.00,'Lunas'),
(80,80,NULL,'Tunai',NULL,230000.00,'Lunas'),
(81,81,NULL,'Tunai',NULL,130000.00,'Lunas'),
(82,82,NULL,'Midtrans',NULL,470000.00,'Lunas'),
(83,83,NULL,'Midtrans',NULL,220000.00,'Lunas'),
(84,84,NULL,'Tunai',NULL,330000.00,'Lunas'),
(85,85,NULL,'Tunai',NULL,290000.00,'Lunas'),
(86,86,NULL,'Midtrans',NULL,90000.00,'Lunas'),
(87,87,NULL,'Midtrans',NULL,410000.00,'Lunas'),
(88,88,NULL,'Midtrans',NULL,140000.00,'Lunas'),
(89,89,NULL,'Tunai',NULL,280000.00,'Lunas'),
(90,90,NULL,'Tunai',NULL,60000.00,'Lunas'),
(91,91,NULL,'Midtrans',NULL,80000.00,'Lunas'),
(92,92,NULL,'Tunai',NULL,210000.00,'Lunas'),
(93,93,NULL,'Tunai',NULL,460000.00,'Lunas'),
(94,94,NULL,'Tunai',NULL,190000.00,'Lunas'),
(95,95,NULL,'Tunai',NULL,370000.00,'Lunas'),
(96,96,NULL,'Tunai',NULL,460000.00,'Lunas'),
(97,97,NULL,'Tunai',NULL,150000.00,'Lunas'),
(98,98,NULL,'Tunai',NULL,150000.00,'Lunas'),
(99,99,NULL,'Midtrans',NULL,370000.00,'Lunas'),
(100,100,NULL,'Tunai',NULL,150000.00,'Lunas'),
(101,101,NULL,'Tunai',NULL,300000.00,'Lunas'),
(102,102,NULL,'Tunai',NULL,360000.00,'Lunas'),
(103,103,NULL,'Tunai',NULL,380000.00,'Lunas'),
(104,104,NULL,'Midtrans',NULL,130000.00,'Lunas'),
(105,105,NULL,'Tunai',NULL,110000.00,'Lunas'),
(106,106,NULL,'Tunai',NULL,370000.00,'Lunas'),
(107,107,NULL,'Midtrans',NULL,140000.00,'Lunas'),
(108,108,NULL,'Tunai',NULL,290000.00,'Lunas'),
(109,109,NULL,'Midtrans',NULL,390000.00,'Lunas'),
(110,110,NULL,'Tunai',NULL,480000.00,'Lunas'),
(111,111,NULL,'Tunai',NULL,380000.00,'Lunas'),
(112,112,NULL,'Tunai',NULL,360000.00,'Lunas'),
(113,113,NULL,'Midtrans',NULL,160000.00,'Lunas'),
(114,114,NULL,'Tunai',NULL,280000.00,'Lunas'),
(115,115,NULL,'Tunai',NULL,70000.00,'Lunas'),
(116,116,NULL,'Midtrans',NULL,450000.00,'Lunas'),
(117,117,NULL,'Midtrans',NULL,220000.00,'Lunas'),
(118,118,NULL,'Tunai',NULL,290000.00,'Lunas'),
(119,119,NULL,'Midtrans',NULL,360000.00,'Lunas'),
(120,120,NULL,'Midtrans',NULL,190000.00,'Lunas'),
(121,121,NULL,'Tunai',NULL,460000.00,'Lunas'),
(122,122,NULL,'Midtrans',NULL,100000.00,'Lunas'),
(123,123,NULL,'Tunai',NULL,460000.00,'Lunas'),
(124,124,NULL,'Midtrans',NULL,150000.00,'Lunas'),
(125,125,NULL,'Tunai',NULL,290000.00,'Lunas'),
(126,126,NULL,'Tunai',NULL,480000.00,'Lunas'),
(127,127,NULL,'Midtrans',NULL,240000.00,'Lunas'),
(128,128,NULL,'Midtrans',NULL,370000.00,'Lunas'),
(129,129,NULL,'Midtrans',NULL,160000.00,'Lunas'),
(130,130,NULL,'Tunai',NULL,60000.00,'Lunas'),
(131,131,NULL,'Midtrans',NULL,410000.00,'Lunas'),
(132,132,NULL,'Midtrans',NULL,390000.00,'Lunas'),
(133,133,NULL,'Tunai',NULL,450000.00,'Lunas'),
(134,134,NULL,'Tunai',NULL,420000.00,'Lunas'),
(135,135,NULL,'Tunai',NULL,360000.00,'Lunas'),
(136,136,NULL,'Tunai',NULL,470000.00,'Lunas'),
(137,137,NULL,'Midtrans',NULL,150000.00,'Lunas'),
(138,138,NULL,'Tunai',NULL,330000.00,'Lunas'),
(139,139,NULL,'Tunai',NULL,70000.00,'Lunas'),
(140,140,NULL,'Tunai',NULL,240000.00,'Lunas'),
(141,141,NULL,'Tunai',NULL,330000.00,'Lunas'),
(142,142,NULL,'Tunai',NULL,110000.00,'Lunas'),
(143,143,NULL,'Midtrans',NULL,350000.00,'Lunas'),
(144,144,NULL,'Midtrans',NULL,500000.00,'Lunas'),
(145,145,NULL,'Midtrans',NULL,170000.00,'Lunas'),
(146,146,NULL,'Tunai',NULL,360000.00,'Lunas'),
(147,147,NULL,'Midtrans',NULL,340000.00,'Lunas'),
(148,148,NULL,'Tunai',NULL,180000.00,'Lunas'),
(149,149,NULL,'Tunai',NULL,110000.00,'Lunas'),
(150,150,NULL,'Tunai',NULL,470000.00,'Lunas'),
(151,151,NULL,'Tunai',NULL,450000.00,'Lunas'),
(152,152,NULL,'Tunai',NULL,350000.00,'Lunas'),
(153,153,NULL,'Midtrans',NULL,70000.00,'Lunas'),
(154,154,NULL,'Midtrans',NULL,260000.00,'Lunas'),
(155,155,NULL,'Midtrans',NULL,120000.00,'Lunas'),
(156,156,NULL,'Tunai',NULL,300000.00,'Lunas'),
(157,157,NULL,'Tunai',NULL,70000.00,'Lunas'),
(158,158,NULL,'Tunai',NULL,430000.00,'Lunas'),
(159,159,NULL,'Midtrans',NULL,440000.00,'Lunas'),
(160,160,NULL,'Midtrans',NULL,260000.00,'Lunas'),
(161,161,NULL,'Midtrans',NULL,170000.00,'Lunas'),
(162,162,NULL,'Tunai',NULL,380000.00,'Lunas'),
(163,163,NULL,'Tunai',NULL,280000.00,'Lunas'),
(164,164,NULL,'Midtrans',NULL,500000.00,'Lunas'),
(165,165,NULL,'Tunai',NULL,340000.00,'Lunas'),
(166,166,NULL,'Midtrans',NULL,480000.00,'Lunas'),
(167,167,NULL,'Tunai',NULL,480000.00,'Lunas'),
(168,168,NULL,'Tunai',NULL,470000.00,'Lunas'),
(169,169,NULL,'Midtrans',NULL,210000.00,'Lunas'),
(170,170,NULL,'Midtrans',NULL,210000.00,'Lunas'),
(171,171,NULL,'Midtrans',NULL,340000.00,'Lunas'),
(172,172,NULL,'Tunai',NULL,210000.00,'Lunas'),
(173,173,NULL,'Tunai',NULL,420000.00,'Lunas'),
(174,174,NULL,'Tunai',NULL,240000.00,'Lunas'),
(175,175,NULL,'Tunai',NULL,270000.00,'Lunas'),
(176,176,NULL,'Midtrans',NULL,470000.00,'Lunas'),
(177,177,NULL,'Tunai',NULL,400000.00,'Lunas'),
(178,178,NULL,'Tunai',NULL,480000.00,'Lunas'),
(179,179,NULL,'Tunai',NULL,230000.00,'Lunas'),
(180,180,NULL,'Midtrans',NULL,120000.00,'Lunas'),
(181,181,NULL,'Tunai',NULL,160000.00,'Lunas'),
(182,182,NULL,'Midtrans',NULL,170000.00,'Lunas'),
(183,183,NULL,'Tunai',NULL,460000.00,'Lunas'),
(184,184,NULL,'Midtrans',NULL,480000.00,'Lunas'),
(185,185,NULL,'Midtrans',NULL,420000.00,'Lunas'),
(186,186,NULL,'Midtrans',NULL,70000.00,'Lunas'),
(187,187,NULL,'Tunai',NULL,70000.00,'Lunas'),
(188,188,NULL,'Midtrans',NULL,90000.00,'Lunas'),
(189,189,NULL,'Tunai',NULL,420000.00,'Lunas'),
(190,190,NULL,'Tunai',NULL,70000.00,'Lunas'),
(191,191,NULL,'Midtrans',NULL,340000.00,'Lunas'),
(192,192,NULL,'Tunai',NULL,330000.00,'Lunas'),
(193,193,NULL,'Midtrans',NULL,370000.00,'Lunas'),
(194,194,NULL,'Midtrans',NULL,170000.00,'Lunas'),
(195,195,NULL,'Tunai',NULL,300000.00,'Lunas'),
(196,196,NULL,'Midtrans',NULL,140000.00,'Lunas'),
(197,197,NULL,'Tunai',NULL,270000.00,'Lunas'),
(198,198,NULL,'Midtrans',NULL,400000.00,'Lunas'),
(199,199,NULL,'Midtrans',NULL,120000.00,'Lunas'),
(200,200,NULL,'Midtrans',NULL,160000.00,'Lunas'),
(201,201,NULL,'Midtrans',NULL,340000.00,'Lunas'),
(202,202,NULL,'Tunai',NULL,460000.00,'Lunas'),
(203,203,NULL,'Tunai',NULL,60000.00,'Lunas'),
(204,204,NULL,'Tunai',NULL,430000.00,'Lunas'),
(205,205,NULL,'Midtrans',NULL,270000.00,'Lunas'),
(206,206,NULL,'Tunai',NULL,190000.00,'Lunas'),
(207,207,NULL,'Midtrans',NULL,300000.00,'Lunas'),
(208,208,NULL,'Tunai',NULL,300000.00,'Lunas'),
(209,209,NULL,'Tunai',NULL,250000.00,'Lunas'),
(210,210,NULL,'Tunai',NULL,330000.00,'Lunas'),
(211,211,NULL,'Midtrans',NULL,290000.00,'Lunas'),
(212,212,NULL,'Midtrans',NULL,240000.00,'Lunas'),
(213,213,NULL,'Tunai',NULL,290000.00,'Lunas'),
(214,214,NULL,'Tunai',NULL,220000.00,'Lunas'),
(215,215,NULL,'Tunai',NULL,110000.00,'Lunas'),
(216,216,NULL,'Tunai',NULL,190000.00,'Lunas'),
(217,217,NULL,'Tunai',NULL,140000.00,'Lunas'),
(218,218,NULL,'Tunai',NULL,160000.00,'Lunas'),
(219,219,NULL,'Tunai',NULL,120000.00,'Lunas'),
(220,220,NULL,'Tunai',NULL,350000.00,'Lunas'),
(221,221,NULL,'Midtrans',NULL,60000.00,'Lunas'),
(222,222,NULL,'Tunai',NULL,280000.00,'Lunas'),
(223,223,NULL,'Midtrans',NULL,130000.00,'Lunas'),
(224,224,NULL,'Tunai',NULL,380000.00,'Lunas'),
(225,225,NULL,'Tunai',NULL,370000.00,'Lunas'),
(226,226,NULL,'Midtrans',NULL,480000.00,'Lunas'),
(227,227,NULL,'Midtrans',NULL,140000.00,'Lunas'),
(228,228,NULL,'Midtrans',NULL,50000.00,'Lunas'),
(229,229,NULL,'Midtrans',NULL,270000.00,'Lunas'),
(230,230,NULL,'Midtrans',NULL,290000.00,'Lunas'),
(231,231,NULL,'Tunai',NULL,470000.00,'Lunas'),
(232,232,NULL,'Tunai',NULL,340000.00,'Lunas'),
(233,233,NULL,'Tunai',NULL,60000.00,'Lunas'),
(234,234,NULL,'Tunai',NULL,450000.00,'Lunas'),
(235,235,NULL,'Midtrans',NULL,490000.00,'Lunas'),
(236,236,NULL,'Tunai',NULL,400000.00,'Lunas'),
(237,237,NULL,'Tunai',NULL,490000.00,'Lunas'),
(238,238,NULL,'Midtrans',NULL,160000.00,'Lunas'),
(239,239,NULL,'Midtrans',NULL,380000.00,'Lunas'),
(240,240,NULL,'Tunai',NULL,120000.00,'Lunas'),
(241,241,NULL,'Tunai',NULL,460000.00,'Lunas'),
(242,242,NULL,'Midtrans',NULL,300000.00,'Lunas'),
(243,243,NULL,'Tunai',NULL,390000.00,'Lunas'),
(244,244,NULL,'Tunai',NULL,400000.00,'Lunas'),
(245,245,NULL,'Midtrans',NULL,480000.00,'Lunas'),
(246,246,NULL,'Tunai',NULL,270000.00,'Lunas'),
(247,247,NULL,'Tunai',NULL,270000.00,'Lunas'),
(248,248,NULL,'Tunai',NULL,420000.00,'Lunas'),
(249,249,NULL,'Tunai',NULL,220000.00,'Lunas'),
(250,250,NULL,'Midtrans',NULL,130000.00,'Lunas'),
(251,251,'ac6c155d-2468-4ad5-96dd-08b5ed2cdd73','Tunai',NULL,50000.00,'Lunas'),
(252,253,NULL,'Tunai',NULL,200000.00,'Lunas'),
(253,252,NULL,'Tunai',NULL,200000.00,'Lunas');
SELECT setval(pg_get_serial_sequence('users', 'id_user'), COALESCE((SELECT MAX(id_user) FROM users), 1), true);
SELECT setval(pg_get_serial_sequence('dokter', 'id_dokter'), COALESCE((SELECT MAX(id_dokter) FROM dokter), 1), true);
SELECT setval(pg_get_serial_sequence('jadwal_dokter', 'id_jadwal'), COALESCE((SELECT MAX(id_jadwal) FROM jadwal_dokter), 1), true);
SELECT setval(pg_get_serial_sequence('reservasi', 'id_reservasi'), COALESCE((SELECT MAX(id_reservasi) FROM reservasi), 1), true);
SELECT setval(pg_get_serial_sequence('hasil_pemeriksaan', 'id_hasil'), COALESCE((SELECT MAX(id_hasil) FROM hasil_pemeriksaan), 1), true);
SELECT setval(pg_get_serial_sequence('pembayaran', 'id_pembayaran'), COALESCE((SELECT MAX(id_pembayaran) FROM pembayaran), 1), true);